id,asset,year,rep_period,time_block_start,time_block_end,dual_balance_consumer
1,AT_E_Demand,2030,1,1,6,5.6286000000000005
2,AT_E_Demand,2030,1,7,12,5.6286000000000005
3,AT_E_Demand,2030,1,13,18,5.6286000000000005
4,AT_E_Demand,2030,1,19,24,5.6286000000000005
5,AT_E_Demand,2030,2,1,6,0.0
6,AT_E_Demand,2030,2,7,12,0.0
7,AT_E_Demand,2030,2,13,18,0.0
8,AT_E_Demand,2030,2,19,24,0.0
9,AT_E_Demand,2030,3,1,6,8.873999999999999
10,AT_E_Demand,2030,3,7,12,8.873999999999999
11,AT_E_Demand,2030,3,13,18,8.873999999999999
12,AT_E_Demand,2030,3,19,24,8.873999999999999
13,AT_E_Demand,2030,4,1,6,0.0
14,AT_E_Demand,2030,4,7,12,2.4426
15,AT_E_Demand,2030,4,13,18,2.4426
16,AT_E_Demand,2030,4,19,24,2.4426
17,AT_E_Demand,2030,5,1,6,0.0
18,AT_E_Demand,2030,5,7,12,0.0
19,AT_E_Demand,2030,5,13,18,0.0
20,AT_E_Demand,2030,5,19,24,0.0
21,AT_E_Demand,2030,6,1,6,0.0
22,AT_E_Demand,2030,6,7,12,0.0
23,AT_E_Demand,2030,6,13,18,0.0
24,AT_E_Demand,2030,6,19,24,0.0
25,AT_E_Demand,2030,7,1,6,3.9294000000000002
26,AT_E_Demand,2030,7,7,12,3.9294000000000002
27,AT_E_Demand,2030,7,13,18,3.9294000000000002
28,AT_E_Demand,2030,7,19,24,3.9294000000000002
29,AT_E_Demand,2030,8,1,6,3.2922000000000002
30,AT_E_Demand,2030,8,7,12,3.2922000000000002
31,AT_E_Demand,2030,8,13,18,3.2922000000000002
32,AT_E_Demand,2030,8,19,24,3.2922000000000002
33,AT_E_Demand,2030,9,1,6,0.0
34,AT_E_Demand,2030,9,7,12,4.5666
35,AT_E_Demand,2030,9,13,18,0.0
36,AT_E_Demand,2030,9,19,24,0.0
37,AT_E_Demand,2030,10,1,6,4.8852
38,AT_E_Demand,2030,10,7,12,9.108
39,AT_E_Demand,2030,10,13,18,9.108
40,AT_E_Demand,2030,10,19,24,9.108
41,BE_E_Demand,2030,1,1,6,5.6286000000000005
42,BE_E_Demand,2030,1,7,12,5.6286000000000005
43,BE_E_Demand,2030,1,13,18,5.6286000000000005
44,BE_E_Demand,2030,1,19,24,10.494
45,BE_E_Demand,2030,2,1,6,0.0
46,BE_E_Demand,2030,2,7,12,3.5046
47,BE_E_Demand,2030,2,13,18,3.5046
48,BE_E_Demand,2030,2,19,24,3.5046
49,BE_E_Demand,2030,3,1,6,0.0
50,BE_E_Demand,2030,3,7,12,0.0
51,BE_E_Demand,2030,3,13,18,0.0
52,BE_E_Demand,2030,3,19,24,0.0
53,BE_E_Demand,2030,4,1,6,0.0
54,BE_E_Demand,2030,4,7,12,0.0
55,BE_E_Demand,2030,4,13,18,0.0
56,BE_E_Demand,2030,4,19,24,2.4426
57,BE_E_Demand,2030,5,1,6,0.0
58,BE_E_Demand,2030,5,7,12,0.0
59,BE_E_Demand,2030,5,13,18,0.0
60,BE_E_Demand,2030,5,19,24,0.0
61,BE_E_Demand,2030,6,1,6,3.564
62,BE_E_Demand,2030,6,7,12,3.564
63,BE_E_Demand,2030,6,13,18,1.9116
64,BE_E_Demand,2030,6,19,24,3.564
65,BE_E_Demand,2030,7,1,6,7.3260000000000005
66,BE_E_Demand,2030,7,7,12,70.88075993966412
67,BE_E_Demand,2030,7,13,18,7.3260000000000005
68,BE_E_Demand,2030,7,19,24,11.322
69,BE_E_Demand,2030,8,1,6,0.0
70,BE_E_Demand,2030,8,7,12,0.0
71,BE_E_Demand,2030,8,13,18,0.0
72,BE_E_Demand,2030,8,19,24,0.0
73,BE_E_Demand,2030,9,1,6,0.0
74,BE_E_Demand,2030,9,7,12,0.0
75,BE_E_Demand,2030,9,13,18,0.0
76,BE_E_Demand,2030,9,19,24,4.5666
77,BE_E_Demand,2030,10,1,6,4.8852
78,BE_E_Demand,2030,10,7,12,9.108
79,BE_E_Demand,2030,10,13,18,14.075999999999999
80,BE_E_Demand,2030,10,19,24,9.108
81,BG_E_Demand,2030,1,1,6,5.6286000000000005
82,BG_E_Demand,2030,1,7,12,5.6286000000000005
83,BG_E_Demand,2030,1,13,18,5.6286000000000005
84,BG_E_Demand,2030,1,19,24,5.6286000000000005
85,BG_E_Demand,2030,2,1,6,0.0
86,BG_E_Demand,2030,2,7,12,0.0
87,BG_E_Demand,2030,2,13,18,0.0
88,BG_E_Demand,2030,2,19,24,0.0
89,BG_E_Demand,2030,3,1,6,3.0798
90,BG_E_Demand,2030,3,7,12,3.0798
91,BG_E_Demand,2030,3,13,18,8.873999999999999
92,BG_E_Demand,2030,3,19,24,8.873999999999999
93,BG_E_Demand,2030,4,1,6,0.0
94,BG_E_Demand,2030,4,7,12,2.4426
95,BG_E_Demand,2030,4,13,18,2.4426
96,BG_E_Demand,2030,4,19,24,2.4426
97,BG_E_Demand,2030,5,1,6,0.0
98,BG_E_Demand,2030,5,7,12,0.0
99,BG_E_Demand,2030,5,13,18,0.0
100,BG_E_Demand,2030,5,19,24,5.5224
101,BG_E_Demand,2030,6,1,6,1.9116
102,BG_E_Demand,2030,6,7,12,0.0
103,BG_E_Demand,2030,6,13,18,0.0
104,BG_E_Demand,2030,6,19,24,1.9116
105,BG_E_Demand,2030,7,1,6,3.9294000000000002
106,BG_E_Demand,2030,7,7,12,0.0
107,BG_E_Demand,2030,7,13,18,0.0
108,BG_E_Demand,2030,7,19,24,3.9294000000000002
109,BG_E_Demand,2030,8,1,6,3.2922000000000002
110,BG_E_Demand,2030,8,7,12,9.485999999999999
111,BG_E_Demand,2030,8,13,18,3.2922000000000002
112,BG_E_Demand,2030,8,19,24,3.2922000000000002
113,BG_E_Demand,2030,9,1,6,4.5666
114,BG_E_Demand,2030,9,7,12,4.5666
115,BG_E_Demand,2030,9,13,18,4.5666
116,BG_E_Demand,2030,9,19,24,4.5666
117,BG_E_Demand,2030,10,1,6,4.8852
118,BG_E_Demand,2030,10,7,12,4.8852
119,BG_E_Demand,2030,10,13,18,4.8852
120,BG_E_Demand,2030,10,19,24,4.8852
121,CH_E_Demand,2030,1,1,6,5.6286000000000005
122,CH_E_Demand,2030,1,7,12,5.6286000000000005
123,CH_E_Demand,2030,1,13,18,5.6286000000000005
124,CH_E_Demand,2030,1,19,24,5.6286000000000005
125,CH_E_Demand,2030,2,1,6,3.5046
126,CH_E_Demand,2030,2,7,12,3.5046
127,CH_E_Demand,2030,2,13,18,0.0
128,CH_E_Demand,2030,2,19,24,3.5046
129,CH_E_Demand,2030,3,1,6,8.873999999999999
130,CH_E_Demand,2030,3,7,12,8.873999999999999
131,CH_E_Demand,2030,3,13,18,8.873999999999999
132,CH_E_Demand,2030,3,19,24,8.873999999999999
133,CH_E_Demand,2030,4,1,6,2.4426
134,CH_E_Demand,2030,4,7,12,4.554
135,CH_E_Demand,2030,4,13,18,2.4426
136,CH_E_Demand,2030,4,19,24,2.4426
137,CH_E_Demand,2030,5,1,6,5.5224
138,CH_E_Demand,2030,5,7,12,5.5224
139,CH_E_Demand,2030,5,13,18,5.5224
140,CH_E_Demand,2030,5,19,24,5.5224
141,CH_E_Demand,2030,6,1,6,1.9116
142,CH_E_Demand,2030,6,7,12,1.9116
143,CH_E_Demand,2030,6,13,18,0.0
144,CH_E_Demand,2030,6,19,24,1.9116
145,CH_E_Demand,2030,7,1,6,11.322
146,CH_E_Demand,2030,7,7,12,7.3260000000000005
147,CH_E_Demand,2030,7,13,18,3.9294000000000002
148,CH_E_Demand,2030,7,19,24,7.3260000000000005
149,CH_E_Demand,2030,8,1,6,3.2922000000000002
150,CH_E_Demand,2030,8,7,12,3.2922000000000002
151,CH_E_Demand,2030,8,13,18,0.0
152,CH_E_Demand,2030,8,19,24,3.2922000000000002
153,CH_E_Demand,2030,9,1,6,4.5666
154,CH_E_Demand,2030,9,7,12,4.5666
155,CH_E_Demand,2030,9,13,18,4.5666
156,CH_E_Demand,2030,9,19,24,4.5666
157,CH_E_Demand,2030,10,1,6,9.108
158,CH_E_Demand,2030,10,7,12,9.108
159,CH_E_Demand,2030,10,13,18,4.8852
160,CH_E_Demand,2030,10,19,24,9.108
161,CY_E_Demand,2030,1,1,6,5.6286000000000005
162,CY_E_Demand,2030,1,7,12,5.6286000000000005
163,CY_E_Demand,2030,1,13,18,5.6286000000000005
164,CY_E_Demand,2030,1,19,24,5.6286000000000005
165,CY_E_Demand,2030,2,1,6,3.5046
166,CY_E_Demand,2030,2,7,12,0.0
167,CY_E_Demand,2030,2,13,18,3.5046
168,CY_E_Demand,2030,2,19,24,3.5046
169,CY_E_Demand,2030,3,1,6,3.0798
170,CY_E_Demand,2030,3,7,12,3.0798
171,CY_E_Demand,2030,3,13,18,3.0798
172,CY_E_Demand,2030,3,19,24,3.0798
173,CY_E_Demand,2030,4,1,6,2.4426
174,CY_E_Demand,2030,4,7,12,2.4426
175,CY_E_Demand,2030,4,13,18,2.4426
176,CY_E_Demand,2030,4,19,24,2.4426
177,CY_E_Demand,2030,5,1,6,5.5224
178,CY_E_Demand,2030,5,7,12,5.5224
179,CY_E_Demand,2030,5,13,18,5.5224
180,CY_E_Demand,2030,5,19,24,5.5224
181,CY_E_Demand,2030,6,1,6,1.9116
182,CY_E_Demand,2030,6,7,12,0.0
183,CY_E_Demand,2030,6,13,18,1.9116
184,CY_E_Demand,2030,6,19,24,1.9116
185,CY_E_Demand,2030,7,1,6,3.9294000000000002
186,CY_E_Demand,2030,7,7,12,3.9294000000000002
187,CY_E_Demand,2030,7,13,18,3.9294000000000002
188,CY_E_Demand,2030,7,19,24,3.9294000000000002
189,CY_E_Demand,2030,8,1,6,3.2922000000000002
190,CY_E_Demand,2030,8,7,12,0.0
191,CY_E_Demand,2030,8,13,18,3.2922000000000002
192,CY_E_Demand,2030,8,19,24,3.2922000000000002
193,CY_E_Demand,2030,9,1,6,4.5666
194,CY_E_Demand,2030,9,7,12,4.5666
195,CY_E_Demand,2030,9,13,18,4.5666
196,CY_E_Demand,2030,9,19,24,4.5666
197,CY_E_Demand,2030,10,1,6,4.8852
198,CY_E_Demand,2030,10,7,12,0.0
199,CY_E_Demand,2030,10,13,18,4.8852
200,CY_E_Demand,2030,10,19,24,4.8852
201,CZ_E_Demand,2030,1,1,6,5.6286000000000005
202,CZ_E_Demand,2030,1,7,12,5.6286000000000005
203,CZ_E_Demand,2030,1,13,18,5.6286000000000005
204,CZ_E_Demand,2030,1,19,24,5.6286000000000005
205,CZ_E_Demand,2030,2,1,6,0.0
206,CZ_E_Demand,2030,2,7,12,0.0
207,CZ_E_Demand,2030,2,13,18,0.0
208,CZ_E_Demand,2030,2,19,24,0.0
209,CZ_E_Demand,2030,3,1,6,3.0798
210,CZ_E_Demand,2030,3,7,12,3.0798
211,CZ_E_Demand,2030,3,13,18,3.0798
212,CZ_E_Demand,2030,3,19,24,3.0798
213,CZ_E_Demand,2030,4,1,6,2.4426
214,CZ_E_Demand,2030,4,7,12,4.554
215,CZ_E_Demand,2030,4,13,18,4.554
216,CZ_E_Demand,2030,4,19,24,2.4426
217,CZ_E_Demand,2030,5,1,6,0.0
218,CZ_E_Demand,2030,5,7,12,0.0
219,CZ_E_Demand,2030,5,13,18,0.0
220,CZ_E_Demand,2030,5,19,24,0.0
221,CZ_E_Demand,2030,6,1,6,0.0
222,CZ_E_Demand,2030,6,7,12,0.0
223,CZ_E_Demand,2030,6,13,18,0.0
224,CZ_E_Demand,2030,6,19,24,1.9116
225,CZ_E_Demand,2030,7,1,6,3.9294000000000002
226,CZ_E_Demand,2030,7,7,12,3.9294000000000002
227,CZ_E_Demand,2030,7,13,18,3.9294000000000002
228,CZ_E_Demand,2030,7,19,24,3.9294000000000002
229,CZ_E_Demand,2030,8,1,6,3.2922000000000002
230,CZ_E_Demand,2030,8,7,12,3.2922000000000002
231,CZ_E_Demand,2030,8,13,18,3.2922000000000002
232,CZ_E_Demand,2030,8,19,24,3.2922000000000002
233,CZ_E_Demand,2030,9,1,6,0.0
234,CZ_E_Demand,2030,9,7,12,0.0
235,CZ_E_Demand,2030,9,13,18,0.0
236,CZ_E_Demand,2030,9,19,24,0.0
237,CZ_E_Demand,2030,10,1,6,9.108
238,CZ_E_Demand,2030,10,7,12,14.075999999999999
239,CZ_E_Demand,2030,10,13,18,98.8581599396641
240,CZ_E_Demand,2030,10,19,24,9.108
241,DE_E_Demand,2030,1,1,6,10.494
242,DE_E_Demand,2030,1,7,12,5.6286000000000005
243,DE_E_Demand,2030,1,13,18,5.6286000000000005
244,DE_E_Demand,2030,1,19,24,5.6286000000000005
245,DE_E_Demand,2030,2,1,6,3.5046
246,DE_E_Demand,2030,2,7,12,3.5046
247,DE_E_Demand,2030,2,13,18,3.5046
248,DE_E_Demand,2030,2,19,24,3.5046
249,DE_E_Demand,2030,3,1,6,0.0
250,DE_E_Demand,2030,3,7,12,0.0
251,DE_E_Demand,2030,3,13,18,3.0798
252,DE_E_Demand,2030,3,19,24,0.0
253,DE_E_Demand,2030,4,1,6,2.4426
254,DE_E_Demand,2030,4,7,12,2.4426
255,DE_E_Demand,2030,4,13,18,2.4426
256,DE_E_Demand,2030,4,19,24,2.4426
257,DE_E_Demand,2030,5,1,6,0.0
258,DE_E_Demand,2030,5,7,12,0.0
259,DE_E_Demand,2030,5,13,18,0.0
260,DE_E_Demand,2030,5,19,24,0.0
261,DE_E_Demand,2030,6,1,6,1.9116
262,DE_E_Demand,2030,6,7,12,1.9116
263,DE_E_Demand,2030,6,13,18,1.9116
264,DE_E_Demand,2030,6,19,24,1.9116
265,DE_E_Demand,2030,7,1,6,7.3260000000000005
266,DE_E_Demand,2030,7,7,12,7.3260000000000005
267,DE_E_Demand,2030,7,13,18,3.9294000000000002
268,DE_E_Demand,2030,7,19,24,7.3260000000000005
269,DE_E_Demand,2030,8,1,6,0.0
270,DE_E_Demand,2030,8,7,12,0.0
271,DE_E_Demand,2030,8,13,18,0.0
272,DE_E_Demand,2030,8,19,24,0.0
273,DE_E_Demand,2030,9,1,6,0.0
274,DE_E_Demand,2030,9,7,12,0.0
275,DE_E_Demand,2030,9,13,18,0.0
276,DE_E_Demand,2030,9,19,24,0.0
277,DE_E_Demand,2030,10,1,6,14.075999999999999
278,DE_E_Demand,2030,10,7,12,14.075999999999999
279,DE_E_Demand,2030,10,13,18,14.075999999999999
280,DE_E_Demand,2030,10,19,24,9.108
281,DK_E_Demand,2030,1,1,6,5.6286000000000005
282,DK_E_Demand,2030,1,7,12,10.494
283,DK_E_Demand,2030,1,13,18,10.494
284,DK_E_Demand,2030,1,19,24,10.494
285,DK_E_Demand,2030,2,1,6,0.0
286,DK_E_Demand,2030,2,7,12,3.5046
287,DK_E_Demand,2030,2,13,18,6.534000000000001
288,DK_E_Demand,2030,2,19,24,0.0
289,DK_E_Demand,2030,3,1,6,0.0
290,DK_E_Demand,2030,3,7,12,0.0
291,DK_E_Demand,2030,3,13,18,0.0
292,DK_E_Demand,2030,3,19,24,0.0
293,DK_E_Demand,2030,4,1,6,0.0
294,DK_E_Demand,2030,4,7,12,2.4426
295,DK_E_Demand,2030,4,13,18,2.4426
296,DK_E_Demand,2030,4,19,24,0.0
297,DK_E_Demand,2030,5,1,6,0.0
298,DK_E_Demand,2030,5,7,12,0.0
299,DK_E_Demand,2030,5,13,18,0.0
300,DK_E_Demand,2030,5,19,24,0.0
301,DK_E_Demand,2030,6,1,6,1.9116
302,DK_E_Demand,2030,6,7,12,1.9116
303,DK_E_Demand,2030,6,13,18,0.0
304,DK_E_Demand,2030,6,19,24,0.0
305,DK_E_Demand,2030,7,1,6,0.0
306,DK_E_Demand,2030,7,7,12,0.0
307,DK_E_Demand,2030,7,13,18,0.0
308,DK_E_Demand,2030,7,19,24,0.0
309,DK_E_Demand,2030,8,1,6,0.0
310,DK_E_Demand,2030,8,7,12,0.0
311,DK_E_Demand,2030,8,13,18,0.0
312,DK_E_Demand,2030,8,19,24,0.0
313,DK_E_Demand,2030,9,1,6,0.0
314,DK_E_Demand,2030,9,7,12,0.0
315,DK_E_Demand,2030,9,13,18,0.0
316,DK_E_Demand,2030,9,19,24,0.0
317,DK_E_Demand,2030,10,1,6,9.108
318,DK_E_Demand,2030,10,7,12,9.108
319,DK_E_Demand,2030,10,13,18,89.03915993966413
320,DK_E_Demand,2030,10,19,24,4.8852
321,EE_E_Demand,2030,1,1,6,0.0
322,EE_E_Demand,2030,1,7,12,10.494
323,EE_E_Demand,2030,1,13,18,0.0
324,EE_E_Demand,2030,1,19,24,0.0
325,EE_E_Demand,2030,2,1,6,0.0
326,EE_E_Demand,2030,2,7,12,0.0
327,EE_E_Demand,2030,2,13,18,0.0
328,EE_E_Demand,2030,2,19,24,0.0
329,EE_E_Demand,2030,3,1,6,0.0
330,EE_E_Demand,2030,3,7,12,0.0
331,EE_E_Demand,2030,3,13,18,0.0
332,EE_E_Demand,2030,3,19,24,0.0
333,EE_E_Demand,2030,4,1,6,0.0
334,EE_E_Demand,2030,4,7,12,4.554
335,EE_E_Demand,2030,4,13,18,83.27915993966411
336,EE_E_Demand,2030,4,19,24,4.554
337,EE_E_Demand,2030,5,1,6,0.0
338,EE_E_Demand,2030,5,7,12,0.0
339,EE_E_Demand,2030,5,13,18,0.0
340,EE_E_Demand,2030,5,19,24,0.0
341,EE_E_Demand,2030,6,1,6,0.0
342,EE_E_Demand,2030,6,7,12,0.0
343,EE_E_Demand,2030,6,13,18,0.0
344,EE_E_Demand,2030,6,19,24,0.0
345,EE_E_Demand,2030,7,1,6,0.0
346,EE_E_Demand,2030,7,7,12,0.0
347,EE_E_Demand,2030,7,13,18,0.0
348,EE_E_Demand,2030,7,19,24,0.0
349,EE_E_Demand,2030,8,1,6,0.0
350,EE_E_Demand,2030,8,7,12,0.0
351,EE_E_Demand,2030,8,13,18,0.0
352,EE_E_Demand,2030,8,19,24,0.0
353,EE_E_Demand,2030,9,1,6,0.0
354,EE_E_Demand,2030,9,7,12,0.0
355,EE_E_Demand,2030,9,13,18,0.0
356,EE_E_Demand,2030,9,19,24,0.0
357,EE_E_Demand,2030,10,1,6,9.108
358,EE_E_Demand,2030,10,7,12,9.108
359,EE_E_Demand,2030,10,13,18,9.108
360,EE_E_Demand,2030,10,19,24,9.108
361,ES_E_Demand,2030,1,1,6,5.6286000000000005
362,ES_E_Demand,2030,1,7,12,10.494
363,ES_E_Demand,2030,1,13,18,5.6286000000000005
364,ES_E_Demand,2030,1,19,24,5.6286000000000005
365,ES_E_Demand,2030,2,1,6,0.0
366,ES_E_Demand,2030,2,7,12,3.5046
367,ES_E_Demand,2030,2,13,18,0.0
368,ES_E_Demand,2030,2,19,24,3.5046
369,ES_E_Demand,2030,3,1,6,8.873999999999999
370,ES_E_Demand,2030,3,7,12,8.873999999999999
371,ES_E_Demand,2030,3,13,18,5.742
372,ES_E_Demand,2030,3,19,24,8.873999999999999
373,ES_E_Demand,2030,4,1,6,0.0
374,ES_E_Demand,2030,4,7,12,0.0
375,ES_E_Demand,2030,4,13,18,0.0
376,ES_E_Demand,2030,4,19,24,0.0
377,ES_E_Demand,2030,5,1,6,5.5224
378,ES_E_Demand,2030,5,7,12,10.296000000000001
379,ES_E_Demand,2030,5,13,18,5.5224
380,ES_E_Demand,2030,5,19,24,10.296000000000001
381,ES_E_Demand,2030,6,1,6,0.0
382,ES_E_Demand,2030,6,7,12,0.0
383,ES_E_Demand,2030,6,13,18,0.0
384,ES_E_Demand,2030,6,19,24,0.0
385,ES_E_Demand,2030,7,1,6,3.9294000000000002
386,ES_E_Demand,2030,7,7,12,3.9294000000000002
387,ES_E_Demand,2030,7,13,18,0.0
388,ES_E_Demand,2030,7,19,24,3.9294000000000002
389,ES_E_Demand,2030,8,1,6,3.2922000000000002
390,ES_E_Demand,2030,8,7,12,3.2922000000000002
391,ES_E_Demand,2030,8,13,18,0.0
392,ES_E_Demand,2030,8,19,24,3.2922000000000002
393,ES_E_Demand,2030,9,1,6,4.5666
394,ES_E_Demand,2030,9,7,12,8.514000000000001
395,ES_E_Demand,2030,9,13,18,4.5666
396,ES_E_Demand,2030,9,19,24,4.5666
397,ES_E_Demand,2030,10,1,6,4.8852
398,ES_E_Demand,2030,10,7,12,4.8852
399,ES_E_Demand,2030,10,13,18,0.0
400,ES_E_Demand,2030,10,19,24,4.8852
401,FI_E_Demand,2030,1,1,6,10.494
402,FI_E_Demand,2030,1,7,12,16.218
403,FI_E_Demand,2030,1,13,18,16.218
404,FI_E_Demand,2030,1,19,24,16.218
405,FI_E_Demand,2030,2,1,6,0.0
406,FI_E_Demand,2030,2,7,12,0.0
407,FI_E_Demand,2030,2,13,18,0.0
408,FI_E_Demand,2030,2,19,24,0.0
409,FI_E_Demand,2030,3,1,6,0.0
410,FI_E_Demand,2030,3,7,12,0.0
411,FI_E_Demand,2030,3,13,18,0.0
412,FI_E_Demand,2030,3,19,24,0.0
413,FI_E_Demand,2030,4,1,6,0.0
414,FI_E_Demand,2030,4,7,12,0.0
415,FI_E_Demand,2030,4,13,18,2.4426
416,FI_E_Demand,2030,4,19,24,0.0
417,FI_E_Demand,2030,5,1,6,0.0
418,FI_E_Demand,2030,5,7,12,0.0
419,FI_E_Demand,2030,5,13,18,0.0
420,FI_E_Demand,2030,5,19,24,0.0
421,FI_E_Demand,2030,6,1,6,1.9116
422,FI_E_Demand,2030,6,7,12,1.9116
423,FI_E_Demand,2030,6,13,18,1.9116
424,FI_E_Demand,2030,6,19,24,1.9116
425,FI_E_Demand,2030,7,1,6,0.0
426,FI_E_Demand,2030,7,7,12,0.0
427,FI_E_Demand,2030,7,13,18,0.0
428,FI_E_Demand,2030,7,19,24,0.0
429,FI_E_Demand,2030,8,1,6,0.0
430,FI_E_Demand,2030,8,7,12,3.2922000000000002
431,FI_E_Demand,2030,8,13,18,0.0
432,FI_E_Demand,2030,8,19,24,0.0
433,FI_E_Demand,2030,9,1,6,8.514000000000001
434,FI_E_Demand,2030,9,7,12,8.514000000000001
435,FI_E_Demand,2030,9,13,18,8.514000000000001
436,FI_E_Demand,2030,9,19,24,86.60555993966412
437,FI_E_Demand,2030,10,1,6,4.8852
438,FI_E_Demand,2030,10,7,12,4.8852
439,FI_E_Demand,2030,10,13,18,9.108
440,FI_E_Demand,2030,10,19,24,4.8852
441,FR_E_Demand,2030,1,1,6,5.6286000000000005
442,FR_E_Demand,2030,1,7,12,16.218
443,FR_E_Demand,2030,1,13,18,10.494
444,FR_E_Demand,2030,1,19,24,10.494
445,FR_E_Demand,2030,2,1,6,0.0
446,FR_E_Demand,2030,2,7,12,0.0
447,FR_E_Demand,2030,2,13,18,0.0
448,FR_E_Demand,2030,2,19,24,3.5046
449,FR_E_Demand,2030,3,1,6,0.0
450,FR_E_Demand,2030,3,7,12,0.0
451,FR_E_Demand,2030,3,13,18,3.0798
452,FR_E_Demand,2030,3,19,24,3.0798
453,FR_E_Demand,2030,4,1,6,0.0
454,FR_E_Demand,2030,4,7,12,0.0
455,FR_E_Demand,2030,4,13,18,0.0
456,FR_E_Demand,2030,4,19,24,0.0
457,FR_E_Demand,2030,5,1,6,0.0
458,FR_E_Demand,2030,5,7,12,0.0
459,FR_E_Demand,2030,5,13,18,0.0
460,FR_E_Demand,2030,5,19,24,0.0
461,FR_E_Demand,2030,6,1,6,0.0
462,FR_E_Demand,2030,6,7,12,0.0
463,FR_E_Demand,2030,6,13,18,0.0
464,FR_E_Demand,2030,6,19,24,0.0
465,FR_E_Demand,2030,7,1,6,7.3260000000000005
466,FR_E_Demand,2030,7,7,12,71.13995993966412
467,FR_E_Demand,2030,7,13,18,7.3260000000000005
468,FR_E_Demand,2030,7,19,24,11.322
469,FR_E_Demand,2030,8,1,6,0.0
470,FR_E_Demand,2030,8,7,12,0.0
471,FR_E_Demand,2030,8,13,18,0.0
472,FR_E_Demand,2030,8,19,24,0.0
473,FR_E_Demand,2030,9,1,6,0.0
474,FR_E_Demand,2030,9,7,12,0.0
475,FR_E_Demand,2030,9,13,18,0.0
476,FR_E_Demand,2030,9,19,24,4.5666
477,FR_E_Demand,2030,10,1,6,4.8852
478,FR_E_Demand,2030,10,7,12,4.8852
479,FR_E_Demand,2030,10,13,18,4.8852
480,FR_E_Demand,2030,10,19,24,9.108
481,GR_E_Demand,2030,1,1,6,5.6286000000000005
482,GR_E_Demand,2030,1,7,12,5.6286000000000005
483,GR_E_Demand,2030,1,13,18,5.6286000000000005
484,GR_E_Demand,2030,1,19,24,61.769159939664114
485,GR_E_Demand,2030,2,1,6,0.0
486,GR_E_Demand,2030,2,7,12,0.0
487,GR_E_Demand,2030,2,13,18,0.0
488,GR_E_Demand,2030,2,19,24,0.0
489,GR_E_Demand,2030,3,1,6,3.0798
490,GR_E_Demand,2030,3,7,12,3.0798
491,GR_E_Demand,2030,3,13,18,3.0798
492,GR_E_Demand,2030,3,19,24,8.873999999999999
493,GR_E_Demand,2030,4,1,6,0.0
494,GR_E_Demand,2030,4,7,12,0.0
495,GR_E_Demand,2030,4,13,18,0.0
496,GR_E_Demand,2030,4,19,24,0.0
497,GR_E_Demand,2030,5,1,6,5.5224
498,GR_E_Demand,2030,5,7,12,5.5224
499,GR_E_Demand,2030,5,13,18,0.0
500,GR_E_Demand,2030,5,19,24,5.5224
501,GR_E_Demand,2030,6,1,6,1.9116
502,GR_E_Demand,2030,6,7,12,1.9116
503,GR_E_Demand,2030,6,13,18,0.0
504,GR_E_Demand,2030,6,19,24,1.9116
505,GR_E_Demand,2030,7,1,6,3.9294000000000002
506,GR_E_Demand,2030,7,7,12,0.0
507,GR_E_Demand,2030,7,13,18,0.0
508,GR_E_Demand,2030,7,19,24,3.9294000000000002
509,GR_E_Demand,2030,8,1,6,3.2922000000000002
510,GR_E_Demand,2030,8,7,12,3.2922000000000002
511,GR_E_Demand,2030,8,13,18,0.0
512,GR_E_Demand,2030,8,19,24,3.2922000000000002
513,GR_E_Demand,2030,9,1,6,4.5666
514,GR_E_Demand,2030,9,7,12,13.158
515,GR_E_Demand,2030,9,13,18,4.5666
516,GR_E_Demand,2030,9,19,24,13.158
517,GR_E_Demand,2030,10,1,6,4.8852
518,GR_E_Demand,2030,10,7,12,4.8852
519,GR_E_Demand,2030,10,13,18,4.8852
520,GR_E_Demand,2030,10,19,24,4.8852
521,HR_E_Demand,2030,1,1,6,5.6286000000000005
522,HR_E_Demand,2030,1,7,12,5.6286000000000005
523,HR_E_Demand,2030,1,13,18,5.6286000000000005
524,HR_E_Demand,2030,1,19,24,16.218
525,HR_E_Demand,2030,2,1,6,0.0
526,HR_E_Demand,2030,2,7,12,0.0
527,HR_E_Demand,2030,2,13,18,0.0
528,HR_E_Demand,2030,2,19,24,0.0
529,HR_E_Demand,2030,3,1,6,8.873999999999999
530,HR_E_Demand,2030,3,7,12,8.873999999999999
531,HR_E_Demand,2030,3,13,18,8.873999999999999
532,HR_E_Demand,2030,3,19,24,8.873999999999999
533,HR_E_Demand,2030,4,1,6,0.0
534,HR_E_Demand,2030,4,7,12,74.36915993966412
535,HR_E_Demand,2030,4,13,18,2.4426
536,HR_E_Demand,2030,4,19,24,2.4426
537,HR_E_Demand,2030,5,1,6,5.5224
538,HR_E_Demand,2030,5,7,12,0.0
539,HR_E_Demand,2030,5,13,18,0.0
540,HR_E_Demand,2030,5,19,24,5.5224
541,HR_E_Demand,2030,6,1,6,0.0
542,HR_E_Demand,2030,6,7,12,0.0
543,HR_E_Demand,2030,6,13,18,0.0
544,HR_E_Demand,2030,6,19,24,0.0
545,HR_E_Demand,2030,7,1,6,3.9294000000000002
546,HR_E_Demand,2030,7,7,12,3.9294000000000002
547,HR_E_Demand,2030,7,13,18,3.9294000000000002
548,HR_E_Demand,2030,7,19,24,3.9294000000000002
549,HR_E_Demand,2030,8,1,6,0.0
550,HR_E_Demand,2030,8,7,12,0.0
551,HR_E_Demand,2030,8,13,18,3.2922
552,HR_E_Demand,2030,8,19,24,3.2922000000000002
553,HR_E_Demand,2030,9,1,6,4.5666
554,HR_E_Demand,2030,9,7,12,4.5666
555,HR_E_Demand,2030,9,13,18,4.5666
556,HR_E_Demand,2030,9,19,24,4.5666
557,HR_E_Demand,2030,10,1,6,4.8852
558,HR_E_Demand,2030,10,7,12,4.8852
559,HR_E_Demand,2030,10,13,18,4.8852
560,HR_E_Demand,2030,10,19,24,4.8852
561,HU_E_Demand,2030,1,1,6,5.6286000000000005
562,HU_E_Demand,2030,1,7,12,5.6286000000000005
563,HU_E_Demand,2030,1,13,18,5.6286000000000005
564,HU_E_Demand,2030,1,19,24,10.494
565,HU_E_Demand,2030,2,1,6,0.0
566,HU_E_Demand,2030,2,7,12,0.0
567,HU_E_Demand,2030,2,13,18,0.0
568,HU_E_Demand,2030,2,19,24,0.0
569,HU_E_Demand,2030,3,1,6,8.873999999999999
570,HU_E_Demand,2030,3,7,12,8.873999999999999
571,HU_E_Demand,2030,3,13,18,84.74435993966411
572,HU_E_Demand,2030,3,19,24,8.873999999999999
573,HU_E_Demand,2030,4,1,6,2.4426
574,HU_E_Demand,2030,4,7,12,2.4426
575,HU_E_Demand,2030,4,13,18,2.4426
576,HU_E_Demand,2030,4,19,24,2.4426
577,HU_E_Demand,2030,5,1,6,5.5224
578,HU_E_Demand,2030,5,7,12,0.0
579,HU_E_Demand,2030,5,13,18,5.5224
580,HU_E_Demand,2030,5,19,24,5.5224
581,HU_E_Demand,2030,6,1,6,0.0
582,HU_E_Demand,2030,6,7,12,0.0
583,HU_E_Demand,2030,6,13,18,0.0
584,HU_E_Demand,2030,6,19,24,0.0
585,HU_E_Demand,2030,7,1,6,3.9294000000000002
586,HU_E_Demand,2030,7,7,12,3.9294000000000002
587,HU_E_Demand,2030,7,13,18,3.9294000000000002
588,HU_E_Demand,2030,7,19,24,3.9294000000000002
589,HU_E_Demand,2030,8,1,6,3.2922000000000002
590,HU_E_Demand,2030,8,7,12,0.0
591,HU_E_Demand,2030,8,13,18,3.2922000000000002
592,HU_E_Demand,2030,8,19,24,3.2922000000000002
593,HU_E_Demand,2030,9,1,6,4.5666
594,HU_E_Demand,2030,9,7,12,4.5666
595,HU_E_Demand,2030,9,13,18,4.5666
596,HU_E_Demand,2030,9,19,24,4.5666
597,HU_E_Demand,2030,10,1,6,4.8852
598,HU_E_Demand,2030,10,7,12,4.8852
599,HU_E_Demand,2030,10,13,18,9.108
600,HU_E_Demand,2030,10,19,24,9.108
601,IE_E_Demand,2030,1,1,6,0.0
602,IE_E_Demand,2030,1,7,12,0.0
603,IE_E_Demand,2030,1,13,18,0.0
604,IE_E_Demand,2030,1,19,24,0.0
605,IE_E_Demand,2030,2,1,6,0.0
606,IE_E_Demand,2030,2,7,12,6.534000000000001
607,IE_E_Demand,2030,2,13,18,6.534000000000001
608,IE_E_Demand,2030,2,19,24,0.0
609,IE_E_Demand,2030,3,1,6,0.0
610,IE_E_Demand,2030,3,7,12,0.0
611,IE_E_Demand,2030,3,13,18,0.0
612,IE_E_Demand,2030,3,19,24,0.0
613,IE_E_Demand,2030,4,1,6,0.0
614,IE_E_Demand,2030,4,7,12,0.0
615,IE_E_Demand,2030,4,13,18,0.0
616,IE_E_Demand,2030,4,19,24,0.0
617,IE_E_Demand,2030,5,1,6,0.0
618,IE_E_Demand,2030,5,7,12,0.0
619,IE_E_Demand,2030,5,13,18,0.0
620,IE_E_Demand,2030,5,19,24,0.0
621,IE_E_Demand,2030,6,1,6,0.0
622,IE_E_Demand,2030,6,7,12,0.0
623,IE_E_Demand,2030,6,13,18,0.0
624,IE_E_Demand,2030,6,19,24,0.0
625,IE_E_Demand,2030,7,1,6,0.0
626,IE_E_Demand,2030,7,7,12,7.3260000000000005
627,IE_E_Demand,2030,7,13,18,11.322
628,IE_E_Demand,2030,7,19,24,11.322
629,IE_E_Demand,2030,8,1,6,0.0
630,IE_E_Demand,2030,8,7,12,0.0
631,IE_E_Demand,2030,8,13,18,0.0
632,IE_E_Demand,2030,8,19,24,0.0
633,IE_E_Demand,2030,9,1,6,0.0
634,IE_E_Demand,2030,9,7,12,0.0
635,IE_E_Demand,2030,9,13,18,0.0
636,IE_E_Demand,2030,9,19,24,0.0
637,IE_E_Demand,2030,10,1,6,0.0
638,IE_E_Demand,2030,10,7,12,9.108
639,IE_E_Demand,2030,10,13,18,9.108
640,IE_E_Demand,2030,10,19,24,0.0
641,IT_E_Demand,2030,1,1,6,10.494
642,IT_E_Demand,2030,1,7,12,5.6286000000000005
643,IT_E_Demand,2030,1,13,18,5.6286000000000005
644,IT_E_Demand,2030,1,19,24,16.218
645,IT_E_Demand,2030,2,1,6,3.5046
646,IT_E_Demand,2030,2,7,12,3.5046
647,IT_E_Demand,2030,2,13,18,0.0
648,IT_E_Demand,2030,2,19,24,3.5046
649,IT_E_Demand,2030,3,1,6,5.742
650,IT_E_Demand,2030,3,7,12,8.873999999999999
651,IT_E_Demand,2030,3,13,18,3.0798
652,IT_E_Demand,2030,3,19,24,8.873999999999999
653,IT_E_Demand,2030,4,1,6,2.4426
654,IT_E_Demand,2030,4,7,12,2.4426
655,IT_E_Demand,2030,4,13,18,2.4426
656,IT_E_Demand,2030,4,19,24,2.4426
657,IT_E_Demand,2030,5,1,6,5.5224
658,IT_E_Demand,2030,5,7,12,5.5224
659,IT_E_Demand,2030,5,13,18,5.5224
660,IT_E_Demand,2030,5,19,24,10.296000000000001
661,IT_E_Demand,2030,6,1,6,1.9116
662,IT_E_Demand,2030,6,7,12,1.9116
663,IT_E_Demand,2030,6,13,18,0.0
664,IT_E_Demand,2030,6,19,24,1.9116
665,IT_E_Demand,2030,7,1,6,3.9294000000000002
666,IT_E_Demand,2030,7,7,12,3.9294000000000002
667,IT_E_Demand,2030,7,13,18,3.9294000000000002
668,IT_E_Demand,2030,7,19,24,7.3260000000000005
669,IT_E_Demand,2030,8,1,6,3.2922000000000002
670,IT_E_Demand,2030,8,7,12,3.2922000000000002
671,IT_E_Demand,2030,8,13,18,0.0
672,IT_E_Demand,2030,8,19,24,6.138
673,IT_E_Demand,2030,9,1,6,4.5666
674,IT_E_Demand,2030,9,7,12,4.5666
675,IT_E_Demand,2030,9,13,18,4.5666
676,IT_E_Demand,2030,9,19,24,8.514000000000001
677,IT_E_Demand,2030,10,1,6,4.8852
678,IT_E_Demand,2030,10,7,12,4.8852
679,IT_E_Demand,2030,10,13,18,4.8852
680,IT_E_Demand,2030,10,19,24,4.8852
681,LT_E_Demand,2030,1,1,6,0.0
682,LT_E_Demand,2030,1,7,12,10.494
683,LT_E_Demand,2030,1,13,18,10.494
684,LT_E_Demand,2030,1,19,24,10.494
685,LT_E_Demand,2030,2,1,6,0.0
686,LT_E_Demand,2030,2,7,12,10.097999999999999
687,LT_E_Demand,2030,2,13,18,0.0
688,LT_E_Demand,2030,2,19,24,0.0
689,LT_E_Demand,2030,3,1,6,0.0
690,LT_E_Demand,2030,3,7,12,0.0
691,LT_E_Demand,2030,3,13,18,0.0
692,LT_E_Demand,2030,3,19,24,0.0
693,LT_E_Demand,2030,4,1,6,4.554
694,LT_E_Demand,2030,4,7,12,4.554
695,LT_E_Demand,2030,4,13,18,7.037999999999999
696,LT_E_Demand,2030,4,19,24,4.554
697,LT_E_Demand,2030,5,1,6,0.0
698,LT_E_Demand,2030,5,7,12,0.0
699,LT_E_Demand,2030,5,13,18,0.0
700,LT_E_Demand,2030,5,19,24,0.0
701,LT_E_Demand,2030,6,1,6,0.0
702,LT_E_Demand,2030,6,7,12,3.564
703,LT_E_Demand,2030,6,13,18,3.564
704,LT_E_Demand,2030,6,19,24,3.564
705,LT_E_Demand,2030,7,1,6,0.0
706,LT_E_Demand,2030,7,7,12,0.0
707,LT_E_Demand,2030,7,13,18,0.0
708,LT_E_Demand,2030,7,19,24,0.0
709,LT_E_Demand,2030,8,1,6,0.0
710,LT_E_Demand,2030,8,7,12,0.0
711,LT_E_Demand,2030,8,13,18,67.13315993966413
712,LT_E_Demand,2030,8,19,24,0.0
713,LT_E_Demand,2030,9,1,6,0.0
714,LT_E_Demand,2030,9,7,12,0.0
715,LT_E_Demand,2030,9,13,18,0.0
716,LT_E_Demand,2030,9,19,24,0.0
717,LT_E_Demand,2030,10,1,6,9.108
718,LT_E_Demand,2030,10,7,12,9.108
719,LT_E_Demand,2030,10,13,18,9.108
720,LT_E_Demand,2030,10,19,24,9.108
721,LU_E_Demand,2030,1,1,6,0.0
722,LU_E_Demand,2030,1,7,12,0.0
723,LU_E_Demand,2030,1,13,18,0.0
724,LU_E_Demand,2030,1,19,24,0.0
725,LU_E_Demand,2030,2,1,6,0.0
726,LU_E_Demand,2030,2,7,12,0.0
727,LU_E_Demand,2030,2,13,18,0.0
728,LU_E_Demand,2030,2,19,24,0.0
729,LU_E_Demand,2030,3,1,6,0.0
730,LU_E_Demand,2030,3,7,12,0.0
731,LU_E_Demand,2030,3,13,18,0.0
732,LU_E_Demand,2030,3,19,24,0.0
733,LU_E_Demand,2030,4,1,6,0.0
734,LU_E_Demand,2030,4,7,12,0.0
735,LU_E_Demand,2030,4,13,18,0.0
736,LU_E_Demand,2030,4,19,24,0.0
737,LU_E_Demand,2030,5,1,6,0.0
738,LU_E_Demand,2030,5,7,12,0.0
739,LU_E_Demand,2030,5,13,18,0.0
740,LU_E_Demand,2030,5,19,24,0.0
741,LU_E_Demand,2030,6,1,6,0.0
742,LU_E_Demand,2030,6,7,12,0.0
743,LU_E_Demand,2030,6,13,18,0.0
744,LU_E_Demand,2030,6,19,24,93.77315993966411
745,LU_E_Demand,2030,7,1,6,7.3260000000000005
746,LU_E_Demand,2030,7,7,12,7.3260000000000005
747,LU_E_Demand,2030,7,13,18,7.3260000000000005
748,LU_E_Demand,2030,7,19,24,7.3260000000000005
749,LU_E_Demand,2030,8,1,6,0.0
750,LU_E_Demand,2030,8,7,12,0.0
751,LU_E_Demand,2030,8,13,18,0.0
752,LU_E_Demand,2030,8,19,24,0.0
753,LU_E_Demand,2030,9,1,6,0.0
754,LU_E_Demand,2030,9,7,12,0.0
755,LU_E_Demand,2030,9,13,18,0.0
756,LU_E_Demand,2030,9,19,24,0.0
757,LU_E_Demand,2030,10,1,6,9.108
758,LU_E_Demand,2030,10,7,12,9.108
759,LU_E_Demand,2030,10,13,18,9.108
760,LU_E_Demand,2030,10,19,24,9.108
761,LV_E_Demand,2030,1,1,6,16.218
762,LV_E_Demand,2030,1,7,12,10.494
763,LV_E_Demand,2030,1,13,18,10.494
764,LV_E_Demand,2030,1,19,24,10.494
765,LV_E_Demand,2030,2,1,6,0.0
766,LV_E_Demand,2030,2,7,12,10.097999999999999
767,LV_E_Demand,2030,2,13,18,0.0
768,LV_E_Demand,2030,2,19,24,0.0
769,LV_E_Demand,2030,3,1,6,0.0
770,LV_E_Demand,2030,3,7,12,0.0
771,LV_E_Demand,2030,3,13,18,72.08315993966411
772,LV_E_Demand,2030,3,19,24,0.0
773,LV_E_Demand,2030,4,1,6,4.554
774,LV_E_Demand,2030,4,7,12,7.037999999999999
775,LV_E_Demand,2030,4,13,18,7.037999999999999
776,LV_E_Demand,2030,4,19,24,4.554
777,LV_E_Demand,2030,5,1,6,0.0
778,LV_E_Demand,2030,5,7,12,0.0
779,LV_E_Demand,2030,5,13,18,0.0
780,LV_E_Demand,2030,5,19,24,0.0
781,LV_E_Demand,2030,6,1,6,0.0
782,LV_E_Demand,2030,6,7,12,0.0
783,LV_E_Demand,2030,6,13,18,0.0
784,LV_E_Demand,2030,6,19,24,0.0
785,LV_E_Demand,2030,7,1,6,0.0
786,LV_E_Demand,2030,7,7,12,0.0
787,LV_E_Demand,2030,7,13,18,0.0
788,LV_E_Demand,2030,7,19,24,0.0
789,LV_E_Demand,2030,8,1,6,0.0
790,LV_E_Demand,2030,8,7,12,0.0
791,LV_E_Demand,2030,8,13,18,0.0
792,LV_E_Demand,2030,8,19,24,0.0
793,LV_E_Demand,2030,9,1,6,0.0
794,LV_E_Demand,2030,9,7,12,0.0
795,LV_E_Demand,2030,9,13,18,0.0
796,LV_E_Demand,2030,9,19,24,0.0
797,LV_E_Demand,2030,10,1,6,0.0
798,LV_E_Demand,2030,10,7,12,9.108
799,LV_E_Demand,2030,10,13,18,9.108
800,LV_E_Demand,2030,10,19,24,9.108
801,MT_E_Demand,2030,1,1,6,10.494
802,MT_E_Demand,2030,1,7,12,0.0
803,MT_E_Demand,2030,1,13,18,0.0
804,MT_E_Demand,2030,1,19,24,10.494
805,MT_E_Demand,2030,2,1,6,6.534000000000001
806,MT_E_Demand,2030,2,7,12,0.0
807,MT_E_Demand,2030,2,13,18,0.0
808,MT_E_Demand,2030,2,19,24,6.534000000000001
809,MT_E_Demand,2030,3,1,6,5.742
810,MT_E_Demand,2030,3,7,12,0.0
811,MT_E_Demand,2030,3,13,18,5.742
812,MT_E_Demand,2030,3,19,24,5.742
813,MT_E_Demand,2030,4,1,6,4.554
814,MT_E_Demand,2030,4,7,12,50.01515993966411
815,MT_E_Demand,2030,4,13,18,4.554
816,MT_E_Demand,2030,4,19,24,4.554
817,MT_E_Demand,2030,5,1,6,10.296000000000001
818,MT_E_Demand,2030,5,7,12,10.296000000000001
819,MT_E_Demand,2030,5,13,18,10.296000000000001
820,MT_E_Demand,2030,5,19,24,10.296000000000001
821,MT_E_Demand,2030,6,1,6,3.564
822,MT_E_Demand,2030,6,7,12,0.0
823,MT_E_Demand,2030,6,13,18,0.0
824,MT_E_Demand,2030,6,19,24,3.564
825,MT_E_Demand,2030,7,1,6,7.3260000000000005
826,MT_E_Demand,2030,7,7,12,0.0
827,MT_E_Demand,2030,7,13,18,0.0
828,MT_E_Demand,2030,7,19,24,7.3260000000000005
829,MT_E_Demand,2030,8,1,6,6.138
830,MT_E_Demand,2030,8,7,12,0.0
831,MT_E_Demand,2030,8,13,18,0.0
832,MT_E_Demand,2030,8,19,24,6.138
833,MT_E_Demand,2030,9,1,6,8.514000000000001
834,MT_E_Demand,2030,9,7,12,0.0
835,MT_E_Demand,2030,9,13,18,0.0
836,MT_E_Demand,2030,9,19,24,8.514000000000001
837,MT_E_Demand,2030,10,1,6,9.108
838,MT_E_Demand,2030,10,7,12,9.108
839,MT_E_Demand,2030,10,13,18,9.108
840,MT_E_Demand,2030,10,19,24,9.108
841,NL_E_Demand,2030,1,1,6,5.6286000000000005
842,NL_E_Demand,2030,1,7,12,5.6286000000000005
843,NL_E_Demand,2030,1,13,18,5.6286000000000005
844,NL_E_Demand,2030,1,19,24,5.6286000000000005
845,NL_E_Demand,2030,2,1,6,0.0
846,NL_E_Demand,2030,2,7,12,3.5046
847,NL_E_Demand,2030,2,13,18,3.5046
848,NL_E_Demand,2030,2,19,24,3.5046
849,NL_E_Demand,2030,3,1,6,0.0
850,NL_E_Demand,2030,3,7,12,0.0
851,NL_E_Demand,2030,3,13,18,0.0
852,NL_E_Demand,2030,3,19,24,0.0
853,NL_E_Demand,2030,4,1,6,0.0
854,NL_E_Demand,2030,4,7,12,2.4426
855,NL_E_Demand,2030,4,13,18,0.0
856,NL_E_Demand,2030,4,19,24,0.0
857,NL_E_Demand,2030,5,1,6,0.0
858,NL_E_Demand,2030,5,7,12,0.0
859,NL_E_Demand,2030,5,13,18,0.0
860,NL_E_Demand,2030,5,19,24,0.0
861,NL_E_Demand,2030,6,1,6,1.9116
862,NL_E_Demand,2030,6,7,12,1.9116
863,NL_E_Demand,2030,6,13,18,0.0
864,NL_E_Demand,2030,6,19,24,1.9116
865,NL_E_Demand,2030,7,1,6,3.9294000000000002
866,NL_E_Demand,2030,7,7,12,11.322
867,NL_E_Demand,2030,7,13,18,11.322
868,NL_E_Demand,2030,7,19,24,7.3260000000000005
869,NL_E_Demand,2030,8,1,6,0.0
870,NL_E_Demand,2030,8,7,12,0.0
871,NL_E_Demand,2030,8,13,18,0.0
872,NL_E_Demand,2030,8,19,24,0.0
873,NL_E_Demand,2030,9,1,6,0.0
874,NL_E_Demand,2030,9,7,12,0.0
875,NL_E_Demand,2030,9,13,18,0.0
876,NL_E_Demand,2030,9,19,24,0.0
877,NL_E_Demand,2030,10,1,6,9.108
878,NL_E_Demand,2030,10,7,12,14.075999999999999
879,NL_E_Demand,2030,10,13,18,14.075999999999999
880,NL_E_Demand,2030,10,19,24,9.108
881,NO_E_Demand,2030,1,1,6,10.494
882,NO_E_Demand,2030,1,7,12,16.218
883,NO_E_Demand,2030,1,13,18,10.494
884,NO_E_Demand,2030,1,19,24,10.494
885,NO_E_Demand,2030,2,1,6,0.0
886,NO_E_Demand,2030,2,7,12,0.0
887,NO_E_Demand,2030,2,13,18,0.0
888,NO_E_Demand,2030,2,19,24,0.0
889,NO_E_Demand,2030,3,1,6,0.0
890,NO_E_Demand,2030,3,7,12,0.0
891,NO_E_Demand,2030,3,13,18,0.0
892,NO_E_Demand,2030,3,19,24,0.0
893,NO_E_Demand,2030,4,1,6,0.0
894,NO_E_Demand,2030,4,7,12,4.554
895,NO_E_Demand,2030,4,13,18,0.0
896,NO_E_Demand,2030,4,19,24,0.0
897,NO_E_Demand,2030,5,1,6,0.0
898,NO_E_Demand,2030,5,7,12,0.0
899,NO_E_Demand,2030,5,13,18,0.0
900,NO_E_Demand,2030,5,19,24,0.0
901,NO_E_Demand,2030,6,1,6,0.0
902,NO_E_Demand,2030,6,7,12,3.564
903,NO_E_Demand,2030,6,13,18,0.0
904,NO_E_Demand,2030,6,19,24,0.0
905,NO_E_Demand,2030,7,1,6,0.0
906,NO_E_Demand,2030,7,7,12,0.0
907,NO_E_Demand,2030,7,13,18,0.0
908,NO_E_Demand,2030,7,19,24,0.0
909,NO_E_Demand,2030,8,1,6,0.0
910,NO_E_Demand,2030,8,7,12,0.0
911,NO_E_Demand,2030,8,13,18,0.0
912,NO_E_Demand,2030,8,19,24,0.0
913,NO_E_Demand,2030,9,1,6,0.0
914,NO_E_Demand,2030,9,7,12,0.0
915,NO_E_Demand,2030,9,13,18,0.0
916,NO_E_Demand,2030,9,19,24,0.0
917,NO_E_Demand,2030,10,1,6,0.0
918,NO_E_Demand,2030,10,7,12,14.075999999999999
919,NO_E_Demand,2030,10,13,18,9.108
920,NO_E_Demand,2030,10,19,24,9.108
921,PL_E_Demand,2030,1,1,6,10.494
922,PL_E_Demand,2030,1,7,12,16.218
923,PL_E_Demand,2030,1,13,18,10.494
924,PL_E_Demand,2030,1,19,24,16.218
925,PL_E_Demand,2030,2,1,6,0.0
926,PL_E_Demand,2030,2,7,12,0.0
927,PL_E_Demand,2030,2,13,18,0.0
928,PL_E_Demand,2030,2,19,24,3.5046
929,PL_E_Demand,2030,3,1,6,0.0
930,PL_E_Demand,2030,3,7,12,0.0
931,PL_E_Demand,2030,3,13,18,0.0
932,PL_E_Demand,2030,3,19,24,0.0
933,PL_E_Demand,2030,4,1,6,4.554
934,PL_E_Demand,2030,4,7,12,2.4426
935,PL_E_Demand,2030,4,13,18,4.554
936,PL_E_Demand,2030,4,19,24,4.554
937,PL_E_Demand,2030,5,1,6,0.0
938,PL_E_Demand,2030,5,7,12,0.0
939,PL_E_Demand,2030,5,13,18,0.0
940,PL_E_Demand,2030,5,19,24,0.0
941,PL_E_Demand,2030,6,1,6,1.9116
942,PL_E_Demand,2030,6,7,12,1.9116
943,PL_E_Demand,2030,6,13,18,1.9116
944,PL_E_Demand,2030,6,19,24,3.564
945,PL_E_Demand,2030,7,1,6,0.0
946,PL_E_Demand,2030,7,7,12,0.0
947,PL_E_Demand,2030,7,13,18,3.9294000000000002
948,PL_E_Demand,2030,7,19,24,3.9294000000000002
949,PL_E_Demand,2030,8,1,6,3.2922000000000002
950,PL_E_Demand,2030,8,7,12,3.2922000000000002
951,PL_E_Demand,2030,8,13,18,3.2922000000000002
952,PL_E_Demand,2030,8,19,24,3.2922000000000002
953,PL_E_Demand,2030,9,1,6,0.0
954,PL_E_Demand,2030,9,7,12,0.0
955,PL_E_Demand,2030,9,13,18,0.0
956,PL_E_Demand,2030,9,19,24,4.5666
957,PL_E_Demand,2030,10,1,6,4.8852
958,PL_E_Demand,2030,10,7,12,4.8852
959,PL_E_Demand,2030,10,13,18,9.108
960,PL_E_Demand,2030,10,19,24,9.108
961,PT_E_Demand,2030,1,1,6,5.6286000000000005
962,PT_E_Demand,2030,1,7,12,16.218
963,PT_E_Demand,2030,1,13,18,5.6286000000000005
964,PT_E_Demand,2030,1,19,24,0.0
965,PT_E_Demand,2030,2,1,6,0.0
966,PT_E_Demand,2030,2,7,12,0.0
967,PT_E_Demand,2030,2,13,18,0.0
968,PT_E_Demand,2030,2,19,24,3.5046
969,PT_E_Demand,2030,3,1,6,3.0798
970,PT_E_Demand,2030,3,7,12,5.742
971,PT_E_Demand,2030,3,13,18,5.742
972,PT_E_Demand,2030,3,19,24,61.73315993966412
973,PT_E_Demand,2030,4,1,6,0.0
974,PT_E_Demand,2030,4,7,12,0.0
975,PT_E_Demand,2030,4,13,18,0.0
976,PT_E_Demand,2030,4,19,24,0.0
977,PT_E_Demand,2030,5,1,6,5.5224
978,PT_E_Demand,2030,5,7,12,10.296000000000001
979,PT_E_Demand,2030,5,13,18,10.296000000000001
980,PT_E_Demand,2030,5,19,24,15.911999999999999
981,PT_E_Demand,2030,6,1,6,0.0
982,PT_E_Demand,2030,6,7,12,0.0
983,PT_E_Demand,2030,6,13,18,0.0
984,PT_E_Demand,2030,6,19,24,0.0
985,PT_E_Demand,2030,7,1,6,3.9294000000000002
986,PT_E_Demand,2030,7,7,12,3.9294000000000002
987,PT_E_Demand,2030,7,13,18,3.9294000000000002
988,PT_E_Demand,2030,7,19,24,7.3260000000000005
989,PT_E_Demand,2030,8,1,6,3.2922000000000002
990,PT_E_Demand,2030,8,7,12,3.2922000000000002
991,PT_E_Demand,2030,8,13,18,0.0
992,PT_E_Demand,2030,8,19,24,3.2922000000000002
993,PT_E_Demand,2030,9,1,6,4.5666
994,PT_E_Demand,2030,9,7,12,8.514000000000001
995,PT_E_Demand,2030,9,13,18,0.0
996,PT_E_Demand,2030,9,19,24,0.0
997,PT_E_Demand,2030,10,1,6,0.0
998,PT_E_Demand,2030,10,7,12,0.0
999,PT_E_Demand,2030,10,13,18,0.0
1000,PT_E_Demand,2030,10,19,24,0.0
1001,RO_E_Demand,2030,1,1,6,5.6286000000000005
1002,RO_E_Demand,2030,1,7,12,0.0
1003,RO_E_Demand,2030,1,13,18,5.6286000000000005
1004,RO_E_Demand,2030,1,19,24,5.6286000000000005
1005,RO_E_Demand,2030,2,1,6,0.0
1006,RO_E_Demand,2030,2,7,12,0.0
1007,RO_E_Demand,2030,2,13,18,0.0
1008,RO_E_Demand,2030,2,19,24,0.0
1009,RO_E_Demand,2030,3,1,6,8.873999999999999
1010,RO_E_Demand,2030,3,7,12,8.873999999999999
1011,RO_E_Demand,2030,3,13,18,68.40575993966411
1012,RO_E_Demand,2030,3,19,24,5.742
1013,RO_E_Demand,2030,4,1,6,2.4426
1014,RO_E_Demand,2030,4,7,12,2.4426
1015,RO_E_Demand,2030,4,13,18,4.554
1016,RO_E_Demand,2030,4,19,24,4.554
1017,RO_E_Demand,2030,5,1,6,0.0
1018,RO_E_Demand,2030,5,7,12,0.0
1019,RO_E_Demand,2030,5,13,18,5.5224
1020,RO_E_Demand,2030,5,19,24,0.0
1021,RO_E_Demand,2030,6,1,6,1.9116
1022,RO_E_Demand,2030,6,7,12,0.0
1023,RO_E_Demand,2030,6,13,18,0.0
1024,RO_E_Demand,2030,6,19,24,0.0
1025,RO_E_Demand,2030,7,1,6,3.9294000000000002
1026,RO_E_Demand,2030,7,7,12,0.0
1027,RO_E_Demand,2030,7,13,18,3.9294000000000002
1028,RO_E_Demand,2030,7,19,24,3.9294000000000002
1029,RO_E_Demand,2030,8,1,6,3.2922000000000002
1030,RO_E_Demand,2030,8,7,12,0.0
1031,RO_E_Demand,2030,8,13,18,3.2922000000000002
1032,RO_E_Demand,2030,8,19,24,3.2922000000000002
1033,RO_E_Demand,2030,9,1,6,4.5666
1034,RO_E_Demand,2030,9,7,12,0.0
1035,RO_E_Demand,2030,9,13,18,4.5666
1036,RO_E_Demand,2030,9,19,24,4.5666
1037,RO_E_Demand,2030,10,1,6,9.108
1038,RO_E_Demand,2030,10,7,12,4.8852
1039,RO_E_Demand,2030,10,13,18,14.075999999999999
1040,RO_E_Demand,2030,10,19,24,9.108
1041,SE_E_Demand,2030,1,1,6,10.494
1042,SE_E_Demand,2030,1,7,12,16.218
1043,SE_E_Demand,2030,1,13,18,10.494
1044,SE_E_Demand,2030,1,19,24,16.218
1045,SE_E_Demand,2030,2,1,6,0.0
1046,SE_E_Demand,2030,2,7,12,71.48195993966412
1047,SE_E_Demand,2030,2,13,18,3.5046
1048,SE_E_Demand,2030,2,19,24,0.0
1049,SE_E_Demand,2030,3,1,6,0.0
1050,SE_E_Demand,2030,3,7,12,0.0
1051,SE_E_Demand,2030,3,13,18,0.0
1052,SE_E_Demand,2030,3,19,24,0.0
1053,SE_E_Demand,2030,4,1,6,2.4426
1054,SE_E_Demand,2030,4,7,12,2.4426
1055,SE_E_Demand,2030,4,13,18,2.4426
1056,SE_E_Demand,2030,4,19,24,0.0
1057,SE_E_Demand,2030,5,1,6,0.0
1058,SE_E_Demand,2030,5,7,12,0.0
1059,SE_E_Demand,2030,5,13,18,0.0
1060,SE_E_Demand,2030,5,19,24,0.0
1061,SE_E_Demand,2030,6,1,6,1.9116
1062,SE_E_Demand,2030,6,7,12,1.9116
1063,SE_E_Demand,2030,6,13,18,1.9116
1064,SE_E_Demand,2030,6,19,24,3.564
1065,SE_E_Demand,2030,7,1,6,0.0
1066,SE_E_Demand,2030,7,7,12,0.0
1067,SE_E_Demand,2030,7,13,18,0.0
1068,SE_E_Demand,2030,7,19,24,0.0
1069,SE_E_Demand,2030,8,1,6,0.0
1070,SE_E_Demand,2030,8,7,12,0.0
1071,SE_E_Demand,2030,8,13,18,0.0
1072,SE_E_Demand,2030,8,19,24,0.0
1073,SE_E_Demand,2030,9,1,6,4.5666
1074,SE_E_Demand,2030,9,7,12,4.5666
1075,SE_E_Demand,2030,9,13,18,0.0
1076,SE_E_Demand,2030,9,19,24,0.0
1077,SE_E_Demand,2030,10,1,6,4.8852
1078,SE_E_Demand,2030,10,7,12,9.108
1079,SE_E_Demand,2030,10,13,18,14.075999999999999
1080,SE_E_Demand,2030,10,19,24,9.108
1081,SI_E_Demand,2030,1,1,6,5.6286000000000005
1082,SI_E_Demand,2030,1,7,12,5.6286000000000005
1083,SI_E_Demand,2030,1,13,18,5.6286000000000005
1084,SI_E_Demand,2030,1,19,24,5.6286000000000005
1085,SI_E_Demand,2030,2,1,6,0.0
1086,SI_E_Demand,2030,2,7,12,0.0
1087,SI_E_Demand,2030,2,13,18,0.0
1088,SI_E_Demand,2030,2,19,24,0.0
1089,SI_E_Demand,2030,3,1,6,3.0798
1090,SI_E_Demand,2030,3,7,12,8.873999999999999
1091,SI_E_Demand,2030,3,13,18,8.873999999999999
1092,SI_E_Demand,2030,3,19,24,8.873999999999999
1093,SI_E_Demand,2030,4,1,6,0.0
1094,SI_E_Demand,2030,4,7,12,2.4426
1095,SI_E_Demand,2030,4,13,18,2.4426
1096,SI_E_Demand,2030,4,19,24,2.4426
1097,SI_E_Demand,2030,5,1,6,0.0
1098,SI_E_Demand,2030,5,7,12,5.5224
1099,SI_E_Demand,2030,5,13,18,5.5224
1100,SI_E_Demand,2030,5,19,24,5.5224
1101,SI_E_Demand,2030,6,1,6,0.0
1102,SI_E_Demand,2030,6,7,12,0.0
1103,SI_E_Demand,2030,6,13,18,0.0
1104,SI_E_Demand,2030,6,19,24,0.0
1105,SI_E_Demand,2030,7,1,6,3.9294000000000002
1106,SI_E_Demand,2030,7,7,12,3.9294000000000002
1107,SI_E_Demand,2030,7,13,18,3.9294000000000002
1108,SI_E_Demand,2030,7,19,24,3.9294000000000002
1109,SI_E_Demand,2030,8,1,6,3.2922000000000002
1110,SI_E_Demand,2030,8,7,12,3.2922000000000002
1111,SI_E_Demand,2030,8,13,18,3.2922000000000002
1112,SI_E_Demand,2030,8,19,24,3.2922000000000002
1113,SI_E_Demand,2030,9,1,6,4.5666
1114,SI_E_Demand,2030,9,7,12,4.5666
1115,SI_E_Demand,2030,9,13,18,4.5666
1116,SI_E_Demand,2030,9,19,24,4.5666
1117,SI_E_Demand,2030,10,1,6,4.8852
1118,SI_E_Demand,2030,10,7,12,4.8852
1119,SI_E_Demand,2030,10,13,18,4.8852
1120,SI_E_Demand,2030,10,19,24,4.8852
1121,SK_E_Demand,2030,1,1,6,16.218
1122,SK_E_Demand,2030,1,7,12,0.0
1123,SK_E_Demand,2030,1,13,18,0.0
1124,SK_E_Demand,2030,1,19,24,16.218
1125,SK_E_Demand,2030,2,1,6,0.0
1126,SK_E_Demand,2030,2,7,12,0.0
1127,SK_E_Demand,2030,2,13,18,0.0
1128,SK_E_Demand,2030,2,19,24,0.0
1129,SK_E_Demand,2030,3,1,6,8.873999999999999
1130,SK_E_Demand,2030,3,7,12,8.873999999999999
1131,SK_E_Demand,2030,3,13,18,8.873999999999999
1132,SK_E_Demand,2030,3,19,24,8.873999999999999
1133,SK_E_Demand,2030,4,1,6,0.0
1134,SK_E_Demand,2030,4,7,12,0.0
1135,SK_E_Demand,2030,4,13,18,0.0
1136,SK_E_Demand,2030,4,19,24,0.0
1137,SK_E_Demand,2030,5,1,6,0.0
1138,SK_E_Demand,2030,5,7,12,0.0
1139,SK_E_Demand,2030,5,13,18,0.0
1140,SK_E_Demand,2030,5,19,24,0.0
1141,SK_E_Demand,2030,6,1,6,0.0
1142,SK_E_Demand,2030,6,7,12,0.0
1143,SK_E_Demand,2030,6,13,18,0.0
1144,SK_E_Demand,2030,6,19,24,0.0
1145,SK_E_Demand,2030,7,1,6,0.0
1146,SK_E_Demand,2030,7,7,12,0.0
1147,SK_E_Demand,2030,7,13,18,0.0
1148,SK_E_Demand,2030,7,19,24,0.0
1149,SK_E_Demand,2030,8,1,6,0.0
1150,SK_E_Demand,2030,8,7,12,0.0
1151,SK_E_Demand,2030,8,13,18,0.0
1152,SK_E_Demand,2030,8,19,24,0.0
1153,SK_E_Demand,2030,9,1,6,0.0
1154,SK_E_Demand,2030,9,7,12,0.0
1155,SK_E_Demand,2030,9,13,18,0.0
1156,SK_E_Demand,2030,9,19,24,0.0
1157,SK_E_Demand,2030,10,1,6,0.0
1158,SK_E_Demand,2030,10,7,12,77.55515993966412
1159,SK_E_Demand,2030,10,13,18,77.55515993966412
1160,SK_E_Demand,2030,10,19,24,0.0
1161,UK_E_Demand,2030,1,1,6,0.0
1162,UK_E_Demand,2030,1,7,12,10.494
1163,UK_E_Demand,2030,1,13,18,0.0
1164,UK_E_Demand,2030,1,19,24,0.0
1165,UK_E_Demand,2030,2,1,6,0.0
1166,UK_E_Demand,2030,2,7,12,6.534000000000001
1167,UK_E_Demand,2030,2,13,18,10.097999999999999
1168,UK_E_Demand,2030,2,19,24,0.0
1169,UK_E_Demand,2030,3,1,6,0.0
1170,UK_E_Demand,2030,3,7,12,0.0
1171,UK_E_Demand,2030,3,13,18,0.0
1172,UK_E_Demand,2030,3,19,24,0.0
1173,UK_E_Demand,2030,4,1,6,0.0
1174,UK_E_Demand,2030,4,7,12,0.0
1175,UK_E_Demand,2030,4,13,18,0.0
1176,UK_E_Demand,2030,4,19,24,0.0
1177,UK_E_Demand,2030,5,1,6,0.0
1178,UK_E_Demand,2030,5,7,12,0.0
1179,UK_E_Demand,2030,5,13,18,0.0
1180,UK_E_Demand,2030,5,19,24,0.0
1181,UK_E_Demand,2030,6,1,6,0.0
1182,UK_E_Demand,2030,6,7,12,0.0
1183,UK_E_Demand,2030,6,13,18,0.0
1184,UK_E_Demand,2030,6,19,24,0.0
1185,UK_E_Demand,2030,7,1,6,0.0
1186,UK_E_Demand,2030,7,7,12,11.322
1187,UK_E_Demand,2030,7,13,18,59.10515993966412
1188,UK_E_Demand,2030,7,19,24,7.3260000000000005
1189,UK_E_Demand,2030,8,1,6,0.0
1190,UK_E_Demand,2030,8,7,12,0.0
1191,UK_E_Demand,2030,8,13,18,0.0
1192,UK_E_Demand,2030,8,19,24,0.0
1193,UK_E_Demand,2030,9,1,6,0.0
1194,UK_E_Demand,2030,9,7,12,0.0
1195,UK_E_Demand,2030,9,13,18,0.0
1196,UK_E_Demand,2030,9,19,24,0.0
1197,UK_E_Demand,2030,10,1,6,0.0
1198,UK_E_Demand,2030,10,7,12,9.108
1199,UK_E_Demand,2030,10,13,18,14.075999999999999
1200,UK_E_Demand,2030,10,19,24,9.108
