id,asset,year,rep_period,time_block_start,time_block_end,solution
1,AT_Battery,2030,1,1,3,482.72602183483247
2,AT_Battery,2030,1,4,6,482.7260218348324
3,AT_Battery,2030,1,7,9,0.0
4,AT_Battery,2030,1,10,12,0.0
5,AT_Battery,2030,1,13,15,482.7260218348324
6,AT_Battery,2030,1,16,18,482.7260218348324
7,AT_Battery,2030,1,19,21,0.0
8,AT_Battery,2030,1,22,24,0.0
9,AT_Battery,2030,2,1,3,0.0
10,AT_Battery,2030,2,4,6,0.0
11,AT_Battery,2030,2,7,9,0.0
12,AT_Battery,2030,2,10,12,0.0
13,AT_Battery,2030,2,13,15,0.0
14,AT_Battery,2030,2,16,18,0.0
15,AT_Battery,2030,2,19,21,0.0
16,AT_Battery,2030,2,22,24,0.0
17,AT_Battery,2030,3,1,3,0.0
18,AT_Battery,2030,3,4,6,482.7260218348324
19,AT_Battery,2030,3,7,9,482.7260218348324
20,AT_Battery,2030,3,10,12,0.0
21,AT_Battery,2030,3,13,15,482.7260218348324
22,AT_Battery,2030,3,16,18,0.0
23,AT_Battery,2030,3,19,21,0.0
24,AT_Battery,2030,3,22,24,0.0
25,AT_Battery,2030,4,1,3,482.72602183483247
26,AT_Battery,2030,4,4,6,482.7260218348324
27,AT_Battery,2030,4,7,9,482.7260218348324
28,AT_Battery,2030,4,10,12,482.7260218348324
29,AT_Battery,2030,4,13,15,482.7260218348324
30,AT_Battery,2030,4,16,18,20.349896100999956
31,AT_Battery,2030,4,19,21,0.0
32,AT_Battery,2030,4,22,24,0.0
33,AT_Battery,2030,5,1,3,0.0
34,AT_Battery,2030,5,4,6,482.7260218348324
35,AT_Battery,2030,5,7,9,482.7260218348324
36,AT_Battery,2030,5,10,12,482.7260218348324
37,AT_Battery,2030,5,13,15,482.7260218348324
38,AT_Battery,2030,5,16,18,164.02768249111946
39,AT_Battery,2030,5,19,21,0.0
40,AT_Battery,2030,5,22,24,0.0
41,AT_Battery,2030,6,1,3,0.0
42,AT_Battery,2030,6,4,6,0.0
43,AT_Battery,2030,6,7,9,0.0
44,AT_Battery,2030,6,10,12,0.0
45,AT_Battery,2030,6,13,15,482.72602183483247
46,AT_Battery,2030,6,16,18,482.72602183483247
47,AT_Battery,2030,6,19,21,0.0
48,AT_Battery,2030,6,22,24,0.0
49,AT_Battery,2030,7,1,3,372.01439133274636
50,AT_Battery,2030,7,4,6,482.72602183483247
51,AT_Battery,2030,7,7,9,0.0
52,AT_Battery,2030,7,10,12,0.0
53,AT_Battery,2030,7,13,15,0.0
54,AT_Battery,2030,7,16,18,482.72602183483247
55,AT_Battery,2030,7,19,21,0.0
56,AT_Battery,2030,7,22,24,0.0
57,AT_Battery,2030,8,1,3,482.7260218348324
58,AT_Battery,2030,8,4,6,482.7260218348324
59,AT_Battery,2030,8,7,9,0.0
60,AT_Battery,2030,8,10,12,0.0
61,AT_Battery,2030,8,13,15,0.0
62,AT_Battery,2030,8,16,18,482.72602183483247
63,AT_Battery,2030,8,19,21,482.72602183483247
64,AT_Battery,2030,8,22,24,0.0
65,AT_Battery,2030,9,1,3,482.7260218348324
66,AT_Battery,2030,9,4,6,482.7260218348324
67,AT_Battery,2030,9,7,9,0.0
68,AT_Battery,2030,9,10,12,0.0
69,AT_Battery,2030,9,13,15,0.0
70,AT_Battery,2030,9,16,18,0.0
71,AT_Battery,2030,9,19,21,0.0
72,AT_Battery,2030,9,22,24,0.0
73,AT_Battery,2030,10,1,3,482.7260218348324
74,AT_Battery,2030,10,4,6,482.7260218348324
75,AT_Battery,2030,10,7,9,482.72602183483247
76,AT_Battery,2030,10,10,12,482.7260218348324
77,AT_Battery,2030,10,13,15,482.7260218348324
78,AT_Battery,2030,10,16,18,15.493092889042854
79,AT_Battery,2030,10,19,21,0.0
80,AT_Battery,2030,10,22,24,0.0
81,BE_Battery,2030,1,1,3,32.430715537374
82,BE_Battery,2030,1,4,6,32.430715537374
83,BE_Battery,2030,1,7,9,0.0
84,BE_Battery,2030,1,10,12,0.0
85,BE_Battery,2030,1,13,15,32.430715537374
86,BE_Battery,2030,1,16,18,32.430715537374
87,BE_Battery,2030,1,19,21,0.0
88,BE_Battery,2030,1,22,24,0.0
89,BE_Battery,2030,2,1,3,32.430715537374
90,BE_Battery,2030,2,4,6,32.430715537374
91,BE_Battery,2030,2,7,9,32.430715537374
92,BE_Battery,2030,2,10,12,0.0
93,BE_Battery,2030,2,13,15,0.0
94,BE_Battery,2030,2,16,18,0.0
95,BE_Battery,2030,2,19,21,0.0
96,BE_Battery,2030,2,22,24,0.0
97,BE_Battery,2030,3,1,3,0.0
98,BE_Battery,2030,3,4,6,0.0
99,BE_Battery,2030,3,7,9,0.0
100,BE_Battery,2030,3,10,12,0.0
101,BE_Battery,2030,3,13,15,0.0
102,BE_Battery,2030,3,16,18,0.0
103,BE_Battery,2030,3,19,21,0.0
104,BE_Battery,2030,3,22,24,0.0
105,BE_Battery,2030,4,1,3,0.0
106,BE_Battery,2030,4,4,6,0.0
107,BE_Battery,2030,4,7,9,0.0
108,BE_Battery,2030,4,10,12,0.0
109,BE_Battery,2030,4,13,15,0.0
110,BE_Battery,2030,4,16,18,0.0
111,BE_Battery,2030,4,19,21,0.0
112,BE_Battery,2030,4,22,24,0.0
113,BE_Battery,2030,5,1,3,0.0
114,BE_Battery,2030,5,4,6,0.0
115,BE_Battery,2030,5,7,9,0.0
116,BE_Battery,2030,5,10,12,0.0
117,BE_Battery,2030,5,13,15,0.0
118,BE_Battery,2030,5,16,18,0.0
119,BE_Battery,2030,5,19,21,0.0
120,BE_Battery,2030,5,22,24,0.0
121,BE_Battery,2030,6,1,3,32.430715537374
122,BE_Battery,2030,6,4,6,0.0
123,BE_Battery,2030,6,7,9,0.0
124,BE_Battery,2030,6,10,12,0.0
125,BE_Battery,2030,6,13,15,32.430715537374
126,BE_Battery,2030,6,16,18,32.430715537374
127,BE_Battery,2030,6,19,21,32.430715537374
128,BE_Battery,2030,6,22,24,0.0
129,BE_Battery,2030,7,1,3,32.430715537374
130,BE_Battery,2030,7,4,6,32.430715537374
131,BE_Battery,2030,7,7,9,0.0
132,BE_Battery,2030,7,10,12,0.0
133,BE_Battery,2030,7,13,15,0.0
134,BE_Battery,2030,7,16,18,0.0
135,BE_Battery,2030,7,19,21,0.0
136,BE_Battery,2030,7,22,24,0.0
137,BE_Battery,2030,8,1,3,0.0
138,BE_Battery,2030,8,4,6,0.0
139,BE_Battery,2030,8,7,9,0.0
140,BE_Battery,2030,8,10,12,0.0
141,BE_Battery,2030,8,13,15,0.0
142,BE_Battery,2030,8,16,18,0.0
143,BE_Battery,2030,8,19,21,0.0
144,BE_Battery,2030,8,22,24,0.0
145,BE_Battery,2030,9,1,3,32.430715537374
146,BE_Battery,2030,9,4,6,32.430715537374
147,BE_Battery,2030,9,7,9,32.430715537374
148,BE_Battery,2030,9,10,12,32.430715537374
149,BE_Battery,2030,9,13,15,32.430715537374
150,BE_Battery,2030,9,16,18,32.430715537374
151,BE_Battery,2030,9,19,21,0.0
152,BE_Battery,2030,9,22,24,0.0
153,BE_Battery,2030,10,1,3,0.0
154,BE_Battery,2030,10,4,6,32.430715537374
155,BE_Battery,2030,10,7,9,32.430715537374
156,BE_Battery,2030,10,10,12,32.430715537374
157,BE_Battery,2030,10,13,15,5.861444942457183
158,BE_Battery,2030,10,16,18,0.0
159,BE_Battery,2030,10,19,21,0.0
160,BE_Battery,2030,10,22,24,0.0
161,BG_Battery,2030,1,1,3,0.0
162,BG_Battery,2030,1,4,6,0.0
163,BG_Battery,2030,1,7,9,404.7379882475883
164,BG_Battery,2030,1,10,12,404.7379882475883
165,BG_Battery,2030,1,13,15,404.7379882475883
166,BG_Battery,2030,1,16,18,404.7379882475883
167,BG_Battery,2030,1,19,21,0.0
168,BG_Battery,2030,1,22,24,0.0
169,BG_Battery,2030,2,1,3,0.0
170,BG_Battery,2030,2,4,6,0.0
171,BG_Battery,2030,2,7,9,0.0
172,BG_Battery,2030,2,10,12,0.0
173,BG_Battery,2030,2,13,15,404.7379882475883
174,BG_Battery,2030,2,16,18,397.807683131195
175,BG_Battery,2030,2,19,21,0.0
176,BG_Battery,2030,2,22,24,0.0
177,BG_Battery,2030,3,1,3,404.7379882475883
178,BG_Battery,2030,3,4,6,339.3180761972436
179,BG_Battery,2030,3,7,9,0.0
180,BG_Battery,2030,3,10,12,392.91767454510386
181,BG_Battery,2030,3,13,15,404.7379882475883
182,BG_Battery,2030,3,16,18,0.0
183,BG_Battery,2030,3,19,21,0.0
184,BG_Battery,2030,3,22,24,0.0
185,BG_Battery,2030,4,1,3,404.7379882475883
186,BG_Battery,2030,4,4,6,0.0
187,BG_Battery,2030,4,7,9,0.0
188,BG_Battery,2030,4,10,12,0.0
189,BG_Battery,2030,4,13,15,404.7379882475883
190,BG_Battery,2030,4,16,18,76.78534405926257
191,BG_Battery,2030,4,19,21,0.0
192,BG_Battery,2030,4,22,24,0.0
193,BG_Battery,2030,5,1,3,404.7379882475883
194,BG_Battery,2030,5,4,6,404.7379882475883
195,BG_Battery,2030,5,7,9,0.0
196,BG_Battery,2030,5,10,12,285.33426508593413
197,BG_Battery,2030,5,13,15,404.7379882475883
198,BG_Battery,2030,5,16,18,0.0
199,BG_Battery,2030,5,19,21,0.0
200,BG_Battery,2030,5,22,24,0.0
201,BG_Battery,2030,6,1,3,0.0
202,BG_Battery,2030,6,4,6,46.904482938500244
203,BG_Battery,2030,6,7,9,46.904482938500244
204,BG_Battery,2030,6,10,12,268.2706444849423
205,BG_Battery,2030,6,13,15,145.61645736216633
206,BG_Battery,2030,6,16,18,145.61645736216633
207,BG_Battery,2030,6,19,21,145.61645736216633
208,BG_Battery,2030,6,22,24,0.0
209,BG_Battery,2030,7,1,3,404.7379882475883
210,BG_Battery,2030,7,4,6,404.7379882475883
211,BG_Battery,2030,7,7,9,0.0
212,BG_Battery,2030,7,10,12,404.7379882475883
213,BG_Battery,2030,7,13,15,404.7379882475883
214,BG_Battery,2030,7,16,18,404.7379882475883
215,BG_Battery,2030,7,19,21,365.1685415472698
216,BG_Battery,2030,7,22,24,0.0
217,BG_Battery,2030,8,1,3,0.0
218,BG_Battery,2030,8,4,6,0.0
219,BG_Battery,2030,8,7,9,309.6150243299106
220,BG_Battery,2030,8,10,12,309.6150243299106
221,BG_Battery,2030,8,13,15,404.7379882475883
222,BG_Battery,2030,8,16,18,404.7379882475883
223,BG_Battery,2030,8,19,21,0.0
224,BG_Battery,2030,8,22,24,0.0
225,BG_Battery,2030,9,1,3,404.7379882475883
226,BG_Battery,2030,9,4,6,378.4619607035588
227,BG_Battery,2030,9,7,9,0.0
228,BG_Battery,2030,9,10,12,404.7379882475883
229,BG_Battery,2030,9,13,15,404.7379882475883
230,BG_Battery,2030,9,16,18,276.0065180736792
231,BG_Battery,2030,9,19,21,0.0
232,BG_Battery,2030,9,22,24,0.0
233,BG_Battery,2030,10,1,3,404.7379882475883
234,BG_Battery,2030,10,4,6,145.08737799617654
235,BG_Battery,2030,10,7,9,0.0
236,BG_Battery,2030,10,10,12,404.7379882475883
237,BG_Battery,2030,10,13,15,404.7379882475883
238,BG_Battery,2030,10,16,18,152.87226664845753
239,BG_Battery,2030,10,19,21,0.0
240,BG_Battery,2030,10,22,24,0.0
241,CH_Battery,2030,1,1,3,0.0
242,CH_Battery,2030,1,4,6,0.0
243,CH_Battery,2030,1,7,9,0.0
244,CH_Battery,2030,1,10,12,0.0
245,CH_Battery,2030,1,13,15,0.0
246,CH_Battery,2030,1,16,18,0.0
247,CH_Battery,2030,1,19,21,0.0
248,CH_Battery,2030,1,22,24,0.0
249,CH_Battery,2030,2,1,3,0.0
250,CH_Battery,2030,2,4,6,0.0
251,CH_Battery,2030,2,7,9,0.0
252,CH_Battery,2030,2,10,12,0.0
253,CH_Battery,2030,2,13,15,0.0
254,CH_Battery,2030,2,16,18,0.0
255,CH_Battery,2030,2,19,21,0.0
256,CH_Battery,2030,2,22,24,0.0
257,CH_Battery,2030,3,1,3,0.0
258,CH_Battery,2030,3,4,6,0.0
259,CH_Battery,2030,3,7,9,0.0
260,CH_Battery,2030,3,10,12,0.0
261,CH_Battery,2030,3,13,15,0.0
262,CH_Battery,2030,3,16,18,0.0
263,CH_Battery,2030,3,19,21,0.0
264,CH_Battery,2030,3,22,24,0.0
265,CH_Battery,2030,4,1,3,0.0
266,CH_Battery,2030,4,4,6,0.0
267,CH_Battery,2030,4,7,9,0.0
268,CH_Battery,2030,4,10,12,0.0
269,CH_Battery,2030,4,13,15,0.0
270,CH_Battery,2030,4,16,18,0.0
271,CH_Battery,2030,4,19,21,0.0
272,CH_Battery,2030,4,22,24,0.0
273,CH_Battery,2030,5,1,3,0.0
274,CH_Battery,2030,5,4,6,0.0
275,CH_Battery,2030,5,7,9,0.0
276,CH_Battery,2030,5,10,12,0.0
277,CH_Battery,2030,5,13,15,0.0
278,CH_Battery,2030,5,16,18,0.0
279,CH_Battery,2030,5,19,21,0.0
280,CH_Battery,2030,5,22,24,0.0
281,CH_Battery,2030,6,1,3,0.0
282,CH_Battery,2030,6,4,6,0.0
283,CH_Battery,2030,6,7,9,0.0
284,CH_Battery,2030,6,10,12,0.0
285,CH_Battery,2030,6,13,15,0.0
286,CH_Battery,2030,6,16,18,0.0
287,CH_Battery,2030,6,19,21,0.0
288,CH_Battery,2030,6,22,24,0.0
289,CH_Battery,2030,7,1,3,0.0
290,CH_Battery,2030,7,4,6,0.0
291,CH_Battery,2030,7,7,9,0.0
292,CH_Battery,2030,7,10,12,0.0
293,CH_Battery,2030,7,13,15,0.0
294,CH_Battery,2030,7,16,18,0.0
295,CH_Battery,2030,7,19,21,0.0
296,CH_Battery,2030,7,22,24,0.0
297,CH_Battery,2030,8,1,3,0.0
298,CH_Battery,2030,8,4,6,0.0
299,CH_Battery,2030,8,7,9,0.0
300,CH_Battery,2030,8,10,12,0.0
301,CH_Battery,2030,8,13,15,0.0
302,CH_Battery,2030,8,16,18,0.0
303,CH_Battery,2030,8,19,21,0.0
304,CH_Battery,2030,8,22,24,0.0
305,CH_Battery,2030,9,1,3,0.0
306,CH_Battery,2030,9,4,6,0.0
307,CH_Battery,2030,9,7,9,0.0
308,CH_Battery,2030,9,10,12,0.0
309,CH_Battery,2030,9,13,15,0.0
310,CH_Battery,2030,9,16,18,0.0
311,CH_Battery,2030,9,19,21,0.0
312,CH_Battery,2030,9,22,24,0.0
313,CH_Battery,2030,10,1,3,0.0
314,CH_Battery,2030,10,4,6,0.0
315,CH_Battery,2030,10,7,9,0.0
316,CH_Battery,2030,10,10,12,0.0
317,CH_Battery,2030,10,13,15,0.0
318,CH_Battery,2030,10,16,18,0.0
319,CH_Battery,2030,10,19,21,0.0
320,CH_Battery,2030,10,22,24,0.0
321,CY_Battery,2030,1,1,3,0.0
322,CY_Battery,2030,1,4,6,0.0
323,CY_Battery,2030,1,7,9,0.0
324,CY_Battery,2030,1,10,12,122.91609549284885
325,CY_Battery,2030,1,13,15,122.91609549284885
326,CY_Battery,2030,1,16,18,122.91609549284885
327,CY_Battery,2030,1,19,21,0.0
328,CY_Battery,2030,1,22,24,0.0
329,CY_Battery,2030,2,1,3,122.91609549284885
330,CY_Battery,2030,2,4,6,0.0
331,CY_Battery,2030,2,7,9,0.0
332,CY_Battery,2030,2,10,12,122.91609549284885
333,CY_Battery,2030,2,13,15,122.91609549284885
334,CY_Battery,2030,2,16,18,122.91609549284885
335,CY_Battery,2030,2,19,21,0.0
336,CY_Battery,2030,2,22,24,0.0
337,CY_Battery,2030,3,1,3,0.0
338,CY_Battery,2030,3,4,6,0.0
339,CY_Battery,2030,3,7,9,94.85874879610355
340,CY_Battery,2030,3,10,12,0.0
341,CY_Battery,2030,3,13,15,122.91609549284885
342,CY_Battery,2030,3,16,18,0.0
343,CY_Battery,2030,3,19,21,0.0
344,CY_Battery,2030,3,22,24,0.0
345,CY_Battery,2030,4,1,3,0.0
346,CY_Battery,2030,4,4,6,43.49014908412255
347,CY_Battery,2030,4,7,9,43.49014908412255
348,CY_Battery,2030,4,10,12,0.0
349,CY_Battery,2030,4,13,15,122.91609549284885
350,CY_Battery,2030,4,16,18,122.91609549284885
351,CY_Battery,2030,4,19,21,0.0
352,CY_Battery,2030,4,22,24,0.0
353,CY_Battery,2030,5,1,3,0.0
354,CY_Battery,2030,5,4,6,0.0
355,CY_Battery,2030,5,7,9,68.98933448057659
356,CY_Battery,2030,5,10,12,18.114722343005667
357,CY_Battery,2030,5,13,15,113.1382592241215
358,CY_Battery,2030,5,16,18,113.1382592241215
359,CY_Battery,2030,5,19,21,0.0
360,CY_Battery,2030,5,22,24,0.0
361,CY_Battery,2030,6,1,3,122.91609549284885
362,CY_Battery,2030,6,4,6,39.552821151941316
363,CY_Battery,2030,6,7,9,0.0
364,CY_Battery,2030,6,10,12,122.91609549284885
365,CY_Battery,2030,6,13,15,108.47158871468241
366,CY_Battery,2030,6,16,18,0.0
367,CY_Battery,2030,6,19,21,0.0
368,CY_Battery,2030,6,22,24,0.0
369,CY_Battery,2030,7,1,3,0.0
370,CY_Battery,2030,7,4,6,0.0
371,CY_Battery,2030,7,7,9,122.91609549284885
372,CY_Battery,2030,7,10,12,122.91609549284885
373,CY_Battery,2030,7,13,15,122.91609549284885
374,CY_Battery,2030,7,16,18,122.91609549284885
375,CY_Battery,2030,7,19,21,0.0
376,CY_Battery,2030,7,22,24,0.0
377,CY_Battery,2030,8,1,3,119.82785198479807
378,CY_Battery,2030,8,4,6,119.82785198479807
379,CY_Battery,2030,8,7,9,0.0
380,CY_Battery,2030,8,10,12,122.91609549284885
381,CY_Battery,2030,8,13,15,122.91609549284885
382,CY_Battery,2030,8,16,18,122.91609549284885
383,CY_Battery,2030,8,19,21,0.0
384,CY_Battery,2030,8,22,24,0.0
385,CY_Battery,2030,9,1,3,0.0
386,CY_Battery,2030,9,4,6,0.0
387,CY_Battery,2030,9,7,9,0.0
388,CY_Battery,2030,9,10,12,122.91609549284885
389,CY_Battery,2030,9,13,15,122.91609549284885
390,CY_Battery,2030,9,16,18,0.0
391,CY_Battery,2030,9,19,21,0.0
392,CY_Battery,2030,9,22,24,0.0
393,CY_Battery,2030,10,1,3,0.0
394,CY_Battery,2030,10,4,6,0.0
395,CY_Battery,2030,10,7,9,122.91609549284885
396,CY_Battery,2030,10,10,12,122.91609549284885
397,CY_Battery,2030,10,13,15,122.91609549284885
398,CY_Battery,2030,10,16,18,122.91609549284885
399,CY_Battery,2030,10,19,21,0.0
400,CY_Battery,2030,10,22,24,0.0
401,CZ_Battery,2030,1,1,3,385.60443138797916
402,CZ_Battery,2030,1,4,6,373.890940397941
403,CZ_Battery,2030,1,7,9,192.48401548805617
404,CZ_Battery,2030,1,10,12,0.0
405,CZ_Battery,2030,1,13,15,280.35536649864025
406,CZ_Battery,2030,1,16,18,0.0
407,CZ_Battery,2030,1,19,21,0.0
408,CZ_Battery,2030,1,22,24,0.0
409,CZ_Battery,2030,2,1,3,385.60443138797916
410,CZ_Battery,2030,2,4,6,385.60443138797916
411,CZ_Battery,2030,2,7,9,0.0
412,CZ_Battery,2030,2,10,12,0.0
413,CZ_Battery,2030,2,13,15,0.0
414,CZ_Battery,2030,2,16,18,0.0
415,CZ_Battery,2030,2,19,21,0.0
416,CZ_Battery,2030,2,22,24,0.0
417,CZ_Battery,2030,3,1,3,385.60443138797916
418,CZ_Battery,2030,3,4,6,0.0
419,CZ_Battery,2030,3,7,9,0.0
420,CZ_Battery,2030,3,10,12,385.60443138797916
421,CZ_Battery,2030,3,13,15,0.0
422,CZ_Battery,2030,3,16,18,0.0
423,CZ_Battery,2030,3,19,21,0.0
424,CZ_Battery,2030,3,22,24,0.0
425,CZ_Battery,2030,4,1,3,338.0627487020264
426,CZ_Battery,2030,4,4,6,385.60443138797916
427,CZ_Battery,2030,4,7,9,380.68703112589185
428,CZ_Battery,2030,4,10,12,0.0
429,CZ_Battery,2030,4,13,15,385.60443138797916
430,CZ_Battery,2030,4,16,18,0.0
431,CZ_Battery,2030,4,19,21,0.0
432,CZ_Battery,2030,4,22,24,0.0
433,CZ_Battery,2030,5,1,3,0.0
434,CZ_Battery,2030,5,4,6,0.0
435,CZ_Battery,2030,5,7,9,0.0
436,CZ_Battery,2030,5,10,12,0.0
437,CZ_Battery,2030,5,13,15,0.0
438,CZ_Battery,2030,5,16,18,0.0
439,CZ_Battery,2030,5,19,21,0.0
440,CZ_Battery,2030,5,22,24,0.0
441,CZ_Battery,2030,6,1,3,0.0
442,CZ_Battery,2030,6,4,6,0.0
443,CZ_Battery,2030,6,7,9,0.0
444,CZ_Battery,2030,6,10,12,385.60443138797916
445,CZ_Battery,2030,6,13,15,385.60443138797916
446,CZ_Battery,2030,6,16,18,248.936337119036
447,CZ_Battery,2030,6,19,21,0.0
448,CZ_Battery,2030,6,22,24,0.0
449,CZ_Battery,2030,7,1,3,0.0
450,CZ_Battery,2030,7,4,6,0.0
451,CZ_Battery,2030,7,7,9,385.60443138797916
452,CZ_Battery,2030,7,10,12,0.0
453,CZ_Battery,2030,7,13,15,363.76826259973404
454,CZ_Battery,2030,7,16,18,0.0
455,CZ_Battery,2030,7,19,21,0.0
456,CZ_Battery,2030,7,22,24,0.0
457,CZ_Battery,2030,8,1,3,385.60443138797916
458,CZ_Battery,2030,8,4,6,0.0
459,CZ_Battery,2030,8,7,9,0.0
460,CZ_Battery,2030,8,10,12,0.0
461,CZ_Battery,2030,8,13,15,0.0
462,CZ_Battery,2030,8,16,18,0.0
463,CZ_Battery,2030,8,19,21,0.0
464,CZ_Battery,2030,8,22,24,0.0
465,CZ_Battery,2030,9,1,3,0.0
466,CZ_Battery,2030,9,4,6,0.0
467,CZ_Battery,2030,9,7,9,385.60443138797916
468,CZ_Battery,2030,9,10,12,385.60443138797916
469,CZ_Battery,2030,9,13,15,385.60443138797916
470,CZ_Battery,2030,9,16,18,385.60443138797916
471,CZ_Battery,2030,9,19,21,0.0
472,CZ_Battery,2030,9,22,24,0.0
473,CZ_Battery,2030,10,1,3,385.60443138797916
474,CZ_Battery,2030,10,4,6,381.89721075688874
475,CZ_Battery,2030,10,7,9,385.60443138797916
476,CZ_Battery,2030,10,10,12,0.0
477,CZ_Battery,2030,10,13,15,385.60443138797916
478,CZ_Battery,2030,10,16,18,0.0
479,CZ_Battery,2030,10,19,21,0.0
480,CZ_Battery,2030,10,22,24,0.0
481,DE_Battery,2030,1,1,3,1.2737985713174567
482,DE_Battery,2030,1,4,6,1.2737985713174567
483,DE_Battery,2030,1,7,9,0.0
484,DE_Battery,2030,1,10,12,0.0
485,DE_Battery,2030,1,13,15,0.0
486,DE_Battery,2030,1,16,18,0.0
487,DE_Battery,2030,1,19,21,0.0
488,DE_Battery,2030,1,22,24,0.0
489,DE_Battery,2030,2,1,3,1.2737985713174567
490,DE_Battery,2030,2,4,6,1.2737985713174567
491,DE_Battery,2030,2,7,9,1.2737985713174567
492,DE_Battery,2030,2,10,12,0.0
493,DE_Battery,2030,2,13,15,0.0
494,DE_Battery,2030,2,16,18,0.0
495,DE_Battery,2030,2,19,21,0.0
496,DE_Battery,2030,2,22,24,0.0
497,DE_Battery,2030,3,1,3,1.2737985713174567
498,DE_Battery,2030,3,4,6,1.2737985713174567
499,DE_Battery,2030,3,7,9,1.2737985713174567
500,DE_Battery,2030,3,10,12,1.2737985713174567
501,DE_Battery,2030,3,13,15,0.0
502,DE_Battery,2030,3,16,18,0.0
503,DE_Battery,2030,3,19,21,0.0
504,DE_Battery,2030,3,22,24,0.0
505,DE_Battery,2030,4,1,3,1.2737985713174567
506,DE_Battery,2030,4,4,6,0.0
507,DE_Battery,2030,4,7,9,0.0
508,DE_Battery,2030,4,10,12,0.0
509,DE_Battery,2030,4,13,15,0.0
510,DE_Battery,2030,4,16,18,0.0
511,DE_Battery,2030,4,19,21,0.0
512,DE_Battery,2030,4,22,24,0.0
513,DE_Battery,2030,5,1,3,0.0
514,DE_Battery,2030,5,4,6,0.0
515,DE_Battery,2030,5,7,9,0.0
516,DE_Battery,2030,5,10,12,0.0
517,DE_Battery,2030,5,13,15,0.0
518,DE_Battery,2030,5,16,18,0.0
519,DE_Battery,2030,5,19,21,0.0
520,DE_Battery,2030,5,22,24,0.0
521,DE_Battery,2030,6,1,3,1.2737985713174567
522,DE_Battery,2030,6,4,6,1.2737985713174567
523,DE_Battery,2030,6,7,9,0.0
524,DE_Battery,2030,6,10,12,0.0
525,DE_Battery,2030,6,13,15,1.2737985713174567
526,DE_Battery,2030,6,16,18,0.0
527,DE_Battery,2030,6,19,21,0.0
528,DE_Battery,2030,6,22,24,0.0
529,DE_Battery,2030,7,1,3,1.2737985713174567
530,DE_Battery,2030,7,4,6,1.2737985713174567
531,DE_Battery,2030,7,7,9,1.2737985713174567
532,DE_Battery,2030,7,10,12,1.2737985713174567
533,DE_Battery,2030,7,13,15,1.2737985713174567
534,DE_Battery,2030,7,16,18,1.2737985713174567
535,DE_Battery,2030,7,19,21,0.0
536,DE_Battery,2030,7,22,24,0.0
537,DE_Battery,2030,8,1,3,1.2737985713174567
538,DE_Battery,2030,8,4,6,1.2737985713174567
539,DE_Battery,2030,8,7,9,1.2737985713174567
540,DE_Battery,2030,8,10,12,1.2737985713174567
541,DE_Battery,2030,8,13,15,1.2737985713174567
542,DE_Battery,2030,8,16,18,1.2737985713174567
543,DE_Battery,2030,8,19,21,0.0
544,DE_Battery,2030,8,22,24,0.0
545,DE_Battery,2030,9,1,3,1.2737985713174567
546,DE_Battery,2030,9,4,6,1.2737985713174567
547,DE_Battery,2030,9,7,9,1.2737985713174567
548,DE_Battery,2030,9,10,12,1.2737985713174567
549,DE_Battery,2030,9,13,15,1.2737985713174567
550,DE_Battery,2030,9,16,18,1.2737985713174567
551,DE_Battery,2030,9,19,21,0.0
552,DE_Battery,2030,9,22,24,0.0
553,DE_Battery,2030,10,1,3,1.2737985713174567
554,DE_Battery,2030,10,4,6,1.2737985713174567
555,DE_Battery,2030,10,7,9,1.2737985713174567
556,DE_Battery,2030,10,10,12,1.2737985713174567
557,DE_Battery,2030,10,13,15,1.2737985713174567
558,DE_Battery,2030,10,16,18,0.0
559,DE_Battery,2030,10,19,21,0.0
560,DE_Battery,2030,10,22,24,0.0
561,DK_Battery,2030,1,1,3,5.3081679633286285
562,DK_Battery,2030,1,4,6,5.3081679633286285
563,DK_Battery,2030,1,7,9,5.3081679633286285
564,DK_Battery,2030,1,10,12,5.3081679633286285
565,DK_Battery,2030,1,13,15,0.0
566,DK_Battery,2030,1,16,18,0.0
567,DK_Battery,2030,1,19,21,0.0
568,DK_Battery,2030,1,22,24,0.0
569,DK_Battery,2030,2,1,3,5.308167963325716
570,DK_Battery,2030,2,4,6,5.308167963325716
571,DK_Battery,2030,2,7,9,5.3081679633286285
572,DK_Battery,2030,2,10,12,5.3081679633286285
573,DK_Battery,2030,2,13,15,0.0
574,DK_Battery,2030,2,16,18,0.0
575,DK_Battery,2030,2,19,21,0.0
576,DK_Battery,2030,2,22,24,0.0
577,DK_Battery,2030,3,1,3,0.0
578,DK_Battery,2030,3,4,6,0.0
579,DK_Battery,2030,3,7,9,0.0
580,DK_Battery,2030,3,10,12,0.0
581,DK_Battery,2030,3,13,15,0.0
582,DK_Battery,2030,3,16,18,0.0
583,DK_Battery,2030,3,19,21,0.0
584,DK_Battery,2030,3,22,24,0.0
585,DK_Battery,2030,4,1,3,5.308167963325716
586,DK_Battery,2030,4,4,6,5.308167963325716
587,DK_Battery,2030,4,7,9,0.0
588,DK_Battery,2030,4,10,12,5.3081679633286285
589,DK_Battery,2030,4,13,15,5.3081679633286285
590,DK_Battery,2030,4,16,18,0.0
591,DK_Battery,2030,4,19,21,0.0
592,DK_Battery,2030,4,22,24,0.0
593,DK_Battery,2030,5,1,3,0.0
594,DK_Battery,2030,5,4,6,0.0
595,DK_Battery,2030,5,7,9,0.0
596,DK_Battery,2030,5,10,12,0.0
597,DK_Battery,2030,5,13,15,0.0
598,DK_Battery,2030,5,16,18,0.0
599,DK_Battery,2030,5,19,21,0.0
600,DK_Battery,2030,5,22,24,0.0
601,DK_Battery,2030,6,1,3,5.308167963325716
602,DK_Battery,2030,6,4,6,0.0
603,DK_Battery,2030,6,7,9,5.3081679633286285
604,DK_Battery,2030,6,10,12,0.0
605,DK_Battery,2030,6,13,15,0.0
606,DK_Battery,2030,6,16,18,0.0
607,DK_Battery,2030,6,19,21,5.308167963325716
608,DK_Battery,2030,6,22,24,5.308167963325716
609,DK_Battery,2030,7,1,3,5.308167963325716
610,DK_Battery,2030,7,4,6,5.308167963325716
611,DK_Battery,2030,7,7,9,5.3081679633286285
612,DK_Battery,2030,7,10,12,5.3081679633286285
613,DK_Battery,2030,7,13,15,5.3081679633286285
614,DK_Battery,2030,7,16,18,0.0
615,DK_Battery,2030,7,19,21,0.0
616,DK_Battery,2030,7,22,24,0.0
617,DK_Battery,2030,8,1,3,0.0
618,DK_Battery,2030,8,4,6,0.0
619,DK_Battery,2030,8,7,9,0.0
620,DK_Battery,2030,8,10,12,0.0
621,DK_Battery,2030,8,13,15,0.0
622,DK_Battery,2030,8,16,18,0.0
623,DK_Battery,2030,8,19,21,0.0
624,DK_Battery,2030,8,22,24,0.0
625,DK_Battery,2030,9,1,3,0.0
626,DK_Battery,2030,9,4,6,0.0
627,DK_Battery,2030,9,7,9,0.0
628,DK_Battery,2030,9,10,12,0.0
629,DK_Battery,2030,9,13,15,0.0
630,DK_Battery,2030,9,16,18,0.0
631,DK_Battery,2030,9,19,21,0.0
632,DK_Battery,2030,9,22,24,0.0
633,DK_Battery,2030,10,1,3,5.3081679633286285
634,DK_Battery,2030,10,4,6,0.0
635,DK_Battery,2030,10,7,9,5.3081679633286285
636,DK_Battery,2030,10,10,12,5.3081679633286285
637,DK_Battery,2030,10,13,15,0.0
638,DK_Battery,2030,10,16,18,0.0
639,DK_Battery,2030,10,19,21,0.0
640,DK_Battery,2030,10,22,24,0.0
641,EE_Battery,2030,1,1,3,166.0642551777545
642,EE_Battery,2030,1,4,6,58.01453079860339
643,EE_Battery,2030,1,7,9,45.51317895077357
644,EE_Battery,2030,1,10,12,45.51317895077357
645,EE_Battery,2030,1,13,15,0.0
646,EE_Battery,2030,1,16,18,13.57492429375537
647,EE_Battery,2030,1,19,21,47.68063899350983
648,EE_Battery,2030,1,22,24,0.0
649,EE_Battery,2030,2,1,3,270.82495577116623
650,EE_Battery,2030,2,4,6,270.82495577116623
651,EE_Battery,2030,2,7,9,270.82495577116623
652,EE_Battery,2030,2,10,12,270.82495577116623
653,EE_Battery,2030,2,13,15,0.0
654,EE_Battery,2030,2,16,18,0.0
655,EE_Battery,2030,2,19,21,0.0
656,EE_Battery,2030,2,22,24,0.0
657,EE_Battery,2030,3,1,3,0.0
658,EE_Battery,2030,3,4,6,0.0
659,EE_Battery,2030,3,7,9,0.0
660,EE_Battery,2030,3,10,12,0.0
661,EE_Battery,2030,3,13,15,270.82495577116623
662,EE_Battery,2030,3,16,18,0.0
663,EE_Battery,2030,3,19,21,0.0
664,EE_Battery,2030,3,22,24,0.0
665,EE_Battery,2030,4,1,3,270.82495577116623
666,EE_Battery,2030,4,4,6,301.0637229524352
667,EE_Battery,2030,4,7,9,301.0637229524352
668,EE_Battery,2030,4,10,12,341.3108888475217
669,EE_Battery,2030,4,13,15,156.19899486012997
670,EE_Battery,2030,4,16,18,0.0
671,EE_Battery,2030,4,19,21,0.0
672,EE_Battery,2030,4,22,24,0.0
673,EE_Battery,2030,5,1,3,270.82495577116623
674,EE_Battery,2030,5,4,6,270.82495577116623
675,EE_Battery,2030,5,7,9,341.31088884752165
676,EE_Battery,2030,5,10,12,270.82495577116623
677,EE_Battery,2030,5,13,15,0.0
678,EE_Battery,2030,5,16,18,0.0
679,EE_Battery,2030,5,19,21,0.0
680,EE_Battery,2030,5,22,24,0.0
681,EE_Battery,2030,6,1,3,70.48593307635547
682,EE_Battery,2030,6,4,6,341.31088884752165
683,EE_Battery,2030,6,7,9,296.9193265960223
684,EE_Battery,2030,6,10,12,81.0972933970228
685,EE_Battery,2030,6,13,15,295.8483092675551
686,EE_Battery,2030,6,16,18,25.023353496388875
687,EE_Battery,2030,6,19,21,0.0
688,EE_Battery,2030,6,22,24,0.0
689,EE_Battery,2030,7,1,3,0.0
690,EE_Battery,2030,7,4,6,0.0
691,EE_Battery,2030,7,7,9,0.0
692,EE_Battery,2030,7,10,12,0.0
693,EE_Battery,2030,7,13,15,0.0
694,EE_Battery,2030,7,16,18,0.0
695,EE_Battery,2030,7,19,21,0.0
696,EE_Battery,2030,7,22,24,0.0
697,EE_Battery,2030,8,1,3,0.0
698,EE_Battery,2030,8,4,6,270.82495577116623
699,EE_Battery,2030,8,7,9,0.0
700,EE_Battery,2030,8,10,12,0.0
701,EE_Battery,2030,8,13,15,0.0
702,EE_Battery,2030,8,16,18,0.0
703,EE_Battery,2030,8,19,21,0.0
704,EE_Battery,2030,8,22,24,0.0
705,EE_Battery,2030,9,1,3,0.0
706,EE_Battery,2030,9,4,6,0.0
707,EE_Battery,2030,9,7,9,0.0
708,EE_Battery,2030,9,10,12,0.0
709,EE_Battery,2030,9,13,15,0.0
710,EE_Battery,2030,9,16,18,0.0
711,EE_Battery,2030,9,19,21,0.0
712,EE_Battery,2030,9,22,24,0.0
713,EE_Battery,2030,10,1,3,17.081873221760475
714,EE_Battery,2030,10,4,6,287.9068289929267
715,EE_Battery,2030,10,7,9,296.05419226696984
716,EE_Battery,2030,10,10,12,296.05419226696984
717,EE_Battery,2030,10,13,15,203.97922444373017
718,EE_Battery,2030,10,16,18,203.9792244437303
719,EE_Battery,2030,10,19,21,0.0
720,EE_Battery,2030,10,22,24,0.0
721,ES_Battery,2030,1,1,3,93.81819361409725
722,ES_Battery,2030,1,4,6,93.81819361409725
723,ES_Battery,2030,1,7,9,0.0
724,ES_Battery,2030,1,10,12,0.0
725,ES_Battery,2030,1,13,15,0.0
726,ES_Battery,2030,1,16,18,0.0
727,ES_Battery,2030,1,19,21,0.0
728,ES_Battery,2030,1,22,24,0.0
729,ES_Battery,2030,2,1,3,93.81819361409725
730,ES_Battery,2030,2,4,6,93.81819361409725
731,ES_Battery,2030,2,7,9,0.0
732,ES_Battery,2030,2,10,12,0.0
733,ES_Battery,2030,2,13,15,93.81819361409725
734,ES_Battery,2030,2,16,18,93.81819361409725
735,ES_Battery,2030,2,19,21,0.0
736,ES_Battery,2030,2,22,24,0.0
737,ES_Battery,2030,3,1,3,93.81819361409725
738,ES_Battery,2030,3,4,6,0.0
739,ES_Battery,2030,3,7,9,0.0
740,ES_Battery,2030,3,10,12,0.0
741,ES_Battery,2030,3,13,15,93.81819361409725
742,ES_Battery,2030,3,16,18,93.81819361409725
743,ES_Battery,2030,3,19,21,0.0
744,ES_Battery,2030,3,22,24,0.0
745,ES_Battery,2030,4,1,3,0.0
746,ES_Battery,2030,4,4,6,0.0
747,ES_Battery,2030,4,7,9,0.0
748,ES_Battery,2030,4,10,12,0.0
749,ES_Battery,2030,4,13,15,0.0
750,ES_Battery,2030,4,16,18,0.0
751,ES_Battery,2030,4,19,21,0.0
752,ES_Battery,2030,4,22,24,0.0
753,ES_Battery,2030,5,1,3,93.81819361409725
754,ES_Battery,2030,5,4,6,0.0
755,ES_Battery,2030,5,7,9,0.0
756,ES_Battery,2030,5,10,12,0.0
757,ES_Battery,2030,5,13,15,0.0
758,ES_Battery,2030,5,16,18,93.81819361409725
759,ES_Battery,2030,5,19,21,0.0
760,ES_Battery,2030,5,22,24,0.0
761,ES_Battery,2030,6,1,3,0.0
762,ES_Battery,2030,6,4,6,0.0
763,ES_Battery,2030,6,7,9,0.0
764,ES_Battery,2030,6,10,12,0.0
765,ES_Battery,2030,6,13,15,0.0
766,ES_Battery,2030,6,16,18,0.0
767,ES_Battery,2030,6,19,21,0.0
768,ES_Battery,2030,6,22,24,0.0
769,ES_Battery,2030,7,1,3,93.81819361409725
770,ES_Battery,2030,7,4,6,93.81819361409725
771,ES_Battery,2030,7,7,9,71.22889853286142
772,ES_Battery,2030,7,10,12,71.22889853286142
773,ES_Battery,2030,7,13,15,0.0
774,ES_Battery,2030,7,16,18,93.81819361409725
775,ES_Battery,2030,7,19,21,0.0
776,ES_Battery,2030,7,22,24,0.0
777,ES_Battery,2030,8,1,3,0.0
778,ES_Battery,2030,8,4,6,0.0
779,ES_Battery,2030,8,7,9,0.0
780,ES_Battery,2030,8,10,12,0.0
781,ES_Battery,2030,8,13,15,93.81819361409725
782,ES_Battery,2030,8,16,18,93.81819361409725
783,ES_Battery,2030,8,19,21,0.0
784,ES_Battery,2030,8,22,24,0.0
785,ES_Battery,2030,9,1,3,93.81819361409725
786,ES_Battery,2030,9,4,6,93.81819361409725
787,ES_Battery,2030,9,7,9,0.0
788,ES_Battery,2030,9,10,12,0.0
789,ES_Battery,2030,9,13,15,0.0
790,ES_Battery,2030,9,16,18,0.0
791,ES_Battery,2030,9,19,21,0.0
792,ES_Battery,2030,9,22,24,0.0
793,ES_Battery,2030,10,1,3,74.99302610250015
794,ES_Battery,2030,10,4,6,0.0
795,ES_Battery,2030,10,7,9,0.0
796,ES_Battery,2030,10,10,12,0.0
797,ES_Battery,2030,10,13,15,93.81819361409725
798,ES_Battery,2030,10,16,18,93.81819361409725
799,ES_Battery,2030,10,19,21,0.0
800,ES_Battery,2030,10,22,24,0.0
801,FI_Battery,2030,1,1,3,0.0
802,FI_Battery,2030,1,4,6,24.50430002896246
803,FI_Battery,2030,1,7,9,0.0
804,FI_Battery,2030,1,10,12,0.0
805,FI_Battery,2030,1,13,15,0.0
806,FI_Battery,2030,1,16,18,22.755946447507995
807,FI_Battery,2030,1,19,21,0.0
808,FI_Battery,2030,1,22,24,0.0
809,FI_Battery,2030,2,1,3,24.50430002896246
810,FI_Battery,2030,2,4,6,24.50430002896246
811,FI_Battery,2030,2,7,9,24.50430002896246
812,FI_Battery,2030,2,10,12,24.50430002896246
813,FI_Battery,2030,2,13,15,24.50430002896246
814,FI_Battery,2030,2,16,18,0.0
815,FI_Battery,2030,2,19,21,0.0
816,FI_Battery,2030,2,22,24,0.0
817,FI_Battery,2030,3,1,3,0.0
818,FI_Battery,2030,3,4,6,0.0
819,FI_Battery,2030,3,7,9,0.0
820,FI_Battery,2030,3,10,12,0.0
821,FI_Battery,2030,3,13,15,0.0
822,FI_Battery,2030,3,16,18,0.0
823,FI_Battery,2030,3,19,21,0.0
824,FI_Battery,2030,3,22,24,0.0
825,FI_Battery,2030,4,1,3,24.50430002896246
826,FI_Battery,2030,4,4,6,24.50430002896246
827,FI_Battery,2030,4,7,9,24.50430002896246
828,FI_Battery,2030,4,10,12,24.50430002896246
829,FI_Battery,2030,4,13,15,0.0
830,FI_Battery,2030,4,16,18,0.0
831,FI_Battery,2030,4,19,21,0.0
832,FI_Battery,2030,4,22,24,0.0
833,FI_Battery,2030,5,1,3,0.0
834,FI_Battery,2030,5,4,6,0.0
835,FI_Battery,2030,5,7,9,0.0
836,FI_Battery,2030,5,10,12,0.0
837,FI_Battery,2030,5,13,15,0.0
838,FI_Battery,2030,5,16,18,0.0
839,FI_Battery,2030,5,19,21,0.0
840,FI_Battery,2030,5,22,24,0.0
841,FI_Battery,2030,6,1,3,24.50430002896246
842,FI_Battery,2030,6,4,6,24.50430002896246
843,FI_Battery,2030,6,7,9,24.50430002896246
844,FI_Battery,2030,6,10,12,24.50430002896246
845,FI_Battery,2030,6,13,15,24.50430002896246
846,FI_Battery,2030,6,16,18,24.50430002896246
847,FI_Battery,2030,6,19,21,0.0
848,FI_Battery,2030,6,22,24,0.0
849,FI_Battery,2030,7,1,3,0.0
850,FI_Battery,2030,7,4,6,0.0
851,FI_Battery,2030,7,7,9,0.0
852,FI_Battery,2030,7,10,12,0.0
853,FI_Battery,2030,7,13,15,0.0
854,FI_Battery,2030,7,16,18,0.0
855,FI_Battery,2030,7,19,21,0.0
856,FI_Battery,2030,7,22,24,0.0
857,FI_Battery,2030,8,1,3,24.50430002896246
858,FI_Battery,2030,8,4,6,0.0
859,FI_Battery,2030,8,7,9,0.0
860,FI_Battery,2030,8,10,12,0.0
861,FI_Battery,2030,8,13,15,24.50430002896246
862,FI_Battery,2030,8,16,18,24.50430002896246
863,FI_Battery,2030,8,19,21,0.0
864,FI_Battery,2030,8,22,24,0.0
865,FI_Battery,2030,9,1,3,19.537195684742727
866,FI_Battery,2030,9,4,6,0.0
867,FI_Battery,2030,9,7,9,0.0
868,FI_Battery,2030,9,10,12,0.0
869,FI_Battery,2030,9,13,15,0.0
870,FI_Battery,2030,9,16,18,0.0
871,FI_Battery,2030,9,19,21,0.0
872,FI_Battery,2030,9,22,24,0.0
873,FI_Battery,2030,10,1,3,24.50430002896246
874,FI_Battery,2030,10,4,6,24.50430002896246
875,FI_Battery,2030,10,7,9,24.50430002896246
876,FI_Battery,2030,10,10,12,24.50430002896246
877,FI_Battery,2030,10,13,15,0.0
878,FI_Battery,2030,10,16,18,0.0
879,FI_Battery,2030,10,19,21,0.0
880,FI_Battery,2030,10,22,24,0.0
881,FR_Battery,2030,1,1,3,0.0
882,FR_Battery,2030,1,4,6,55.58501096530381
883,FR_Battery,2030,1,7,9,55.58501096530381
884,FR_Battery,2030,1,10,12,0.0
885,FR_Battery,2030,1,13,15,55.58501096530381
886,FR_Battery,2030,1,16,18,55.58501096530381
887,FR_Battery,2030,1,19,21,55.58501096530381
888,FR_Battery,2030,1,22,24,0.0
889,FR_Battery,2030,2,1,3,55.58501096530381
890,FR_Battery,2030,2,4,6,55.58501096530381
891,FR_Battery,2030,2,7,9,55.58501096530381
892,FR_Battery,2030,2,10,12,55.58501096530381
893,FR_Battery,2030,2,13,15,55.58501096530381
894,FR_Battery,2030,2,16,18,55.58501096530381
895,FR_Battery,2030,2,19,21,55.58501096530381
896,FR_Battery,2030,2,22,24,0.0
897,FR_Battery,2030,3,1,3,55.58501096530381
898,FR_Battery,2030,3,4,6,55.58501096530381
899,FR_Battery,2030,3,7,9,55.58501096530381
900,FR_Battery,2030,3,10,12,55.58501096530381
901,FR_Battery,2030,3,13,15,55.58501096530381
902,FR_Battery,2030,3,16,18,0.0
903,FR_Battery,2030,3,19,21,55.58501096530381
904,FR_Battery,2030,3,22,24,0.0
905,FR_Battery,2030,4,1,3,55.58501096530381
906,FR_Battery,2030,4,4,6,55.58501096530381
907,FR_Battery,2030,4,7,9,55.58501096530381
908,FR_Battery,2030,4,10,12,55.58501096530381
909,FR_Battery,2030,4,13,15,55.58501096530381
910,FR_Battery,2030,4,16,18,55.58501096530381
911,FR_Battery,2030,4,19,21,55.58501096530381
912,FR_Battery,2030,4,22,24,0.0
913,FR_Battery,2030,5,1,3,0.0
914,FR_Battery,2030,5,4,6,0.0
915,FR_Battery,2030,5,7,9,0.0
916,FR_Battery,2030,5,10,12,0.0
917,FR_Battery,2030,5,13,15,0.0
918,FR_Battery,2030,5,16,18,0.0
919,FR_Battery,2030,5,19,21,0.0
920,FR_Battery,2030,5,22,24,0.0
921,FR_Battery,2030,6,1,3,55.58501096530381
922,FR_Battery,2030,6,4,6,55.58501096530381
923,FR_Battery,2030,6,7,9,55.58501096530381
924,FR_Battery,2030,6,10,12,55.58501096530381
925,FR_Battery,2030,6,13,15,55.58501096530381
926,FR_Battery,2030,6,16,18,55.58501096530381
927,FR_Battery,2030,6,19,21,55.58501096530381
928,FR_Battery,2030,6,22,24,0.0
929,FR_Battery,2030,7,1,3,0.0
930,FR_Battery,2030,7,4,6,55.58501096530381
931,FR_Battery,2030,7,7,9,44.22340462374268
932,FR_Battery,2030,7,10,12,0.0
933,FR_Battery,2030,7,13,15,55.58501096530381
934,FR_Battery,2030,7,16,18,55.58501096530381
935,FR_Battery,2030,7,19,21,55.58501096530381
936,FR_Battery,2030,7,22,24,0.0
937,FR_Battery,2030,8,1,3,0.0
938,FR_Battery,2030,8,4,6,0.0
939,FR_Battery,2030,8,7,9,0.0
940,FR_Battery,2030,8,10,12,0.0
941,FR_Battery,2030,8,13,15,0.0
942,FR_Battery,2030,8,16,18,0.0
943,FR_Battery,2030,8,19,21,0.0
944,FR_Battery,2030,8,22,24,0.0
945,FR_Battery,2030,9,1,3,55.58501096530381
946,FR_Battery,2030,9,4,6,55.58501096530381
947,FR_Battery,2030,9,7,9,55.58501096530381
948,FR_Battery,2030,9,10,12,0.0
949,FR_Battery,2030,9,13,15,55.58501096530381
950,FR_Battery,2030,9,16,18,55.58501096530381
951,FR_Battery,2030,9,19,21,55.58501096530381
952,FR_Battery,2030,9,22,24,0.0
953,FR_Battery,2030,10,1,3,0.0
954,FR_Battery,2030,10,4,6,55.58501096530381
955,FR_Battery,2030,10,7,9,0.0
956,FR_Battery,2030,10,10,12,0.0
957,FR_Battery,2030,10,13,15,0.0
958,FR_Battery,2030,10,16,18,0.0
959,FR_Battery,2030,10,19,21,55.58501096530381
960,FR_Battery,2030,10,22,24,0.0
961,GR_Battery,2030,1,1,3,313.64017942054534
962,GR_Battery,2030,1,4,6,313.64017942054534
963,GR_Battery,2030,1,7,9,0.0
964,GR_Battery,2030,1,10,12,80.26254401294824
965,GR_Battery,2030,1,13,15,313.5974475155884
966,GR_Battery,2030,1,16,18,313.6401794205456
967,GR_Battery,2030,1,19,21,0.0
968,GR_Battery,2030,1,22,24,0.0
969,GR_Battery,2030,2,1,3,313.64017942054534
970,GR_Battery,2030,2,4,6,0.0
971,GR_Battery,2030,2,7,9,0.0
972,GR_Battery,2030,2,10,12,313.64017942054534
973,GR_Battery,2030,2,13,15,313.64017942054534
974,GR_Battery,2030,2,16,18,313.64017942054534
975,GR_Battery,2030,2,19,21,0.0
976,GR_Battery,2030,2,22,24,0.0
977,GR_Battery,2030,3,1,3,0.0
978,GR_Battery,2030,3,4,6,313.64017942054534
979,GR_Battery,2030,3,7,9,0.0
980,GR_Battery,2030,3,10,12,0.0
981,GR_Battery,2030,3,13,15,313.64017942054534
982,GR_Battery,2030,3,16,18,0.0
983,GR_Battery,2030,3,19,21,0.0
984,GR_Battery,2030,3,22,24,0.0
985,GR_Battery,2030,4,1,3,313.64017942054534
986,GR_Battery,2030,4,4,6,313.64017942054534
987,GR_Battery,2030,4,7,9,0.0
988,GR_Battery,2030,4,10,12,313.64017942054534
989,GR_Battery,2030,4,13,15,313.64017942054534
990,GR_Battery,2030,4,16,18,106.1960299407184
991,GR_Battery,2030,4,19,21,0.0
992,GR_Battery,2030,4,22,24,0.0
993,GR_Battery,2030,5,1,3,313.64017942054534
994,GR_Battery,2030,5,4,6,69.5822905405939
995,GR_Battery,2030,5,7,9,69.5822905405939
996,GR_Battery,2030,5,10,12,0.0
997,GR_Battery,2030,5,13,15,313.64017942054534
998,GR_Battery,2030,5,16,18,0.0
999,GR_Battery,2030,5,19,21,0.0
1000,GR_Battery,2030,5,22,24,0.0
1001,GR_Battery,2030,6,1,3,313.64017942054534
1002,GR_Battery,2030,6,4,6,313.64017942054534
1003,GR_Battery,2030,6,7,9,313.64017942054534
1004,GR_Battery,2030,6,10,12,0.0
1005,GR_Battery,2030,6,13,15,313.64017942054534
1006,GR_Battery,2030,6,16,18,148.15153390804187
1007,GR_Battery,2030,6,19,21,0.0
1008,GR_Battery,2030,6,22,24,0.0
1009,GR_Battery,2030,7,1,3,77.98035721402798
1010,GR_Battery,2030,7,4,6,0.0
1011,GR_Battery,2030,7,7,9,0.0
1012,GR_Battery,2030,7,10,12,0.0
1013,GR_Battery,2030,7,13,15,313.64017942054534
1014,GR_Battery,2030,7,16,18,313.64017942054534
1015,GR_Battery,2030,7,19,21,313.64017942054534
1016,GR_Battery,2030,7,22,24,0.0
1017,GR_Battery,2030,8,1,3,281.9976794316809
1018,GR_Battery,2030,8,4,6,281.9976794316809
1019,GR_Battery,2030,8,7,9,281.9976794316809
1020,GR_Battery,2030,8,10,12,0.0
1021,GR_Battery,2030,8,13,15,313.64017942054534
1022,GR_Battery,2030,8,16,18,0.0
1023,GR_Battery,2030,8,19,21,0.0
1024,GR_Battery,2030,8,22,24,0.0
1025,GR_Battery,2030,9,1,3,313.64017942054534
1026,GR_Battery,2030,9,4,6,313.64017942054534
1027,GR_Battery,2030,9,7,9,0.0
1028,GR_Battery,2030,9,10,12,0.0
1029,GR_Battery,2030,9,13,15,0.0
1030,GR_Battery,2030,9,16,18,313.64017942054534
1031,GR_Battery,2030,9,19,21,0.0
1032,GR_Battery,2030,9,22,24,0.0
1033,GR_Battery,2030,10,1,3,0.0
1034,GR_Battery,2030,10,4,6,151.6647175359803
1035,GR_Battery,2030,10,7,9,151.6647175359803
1036,GR_Battery,2030,10,10,12,0.0
1037,GR_Battery,2030,10,13,15,313.64017942054534
1038,GR_Battery,2030,10,16,18,313.64017942054534
1039,GR_Battery,2030,10,19,21,0.0
1040,GR_Battery,2030,10,22,24,0.0
1041,HR_Battery,2030,1,1,3,0.0
1042,HR_Battery,2030,1,4,6,0.0
1043,HR_Battery,2030,1,7,9,0.0
1044,HR_Battery,2030,1,10,12,0.0
1045,HR_Battery,2030,1,13,15,0.0
1046,HR_Battery,2030,1,16,18,0.0
1047,HR_Battery,2030,1,19,21,0.0
1048,HR_Battery,2030,1,22,24,0.0
1049,HR_Battery,2030,2,1,3,0.0
1050,HR_Battery,2030,2,4,6,0.0
1051,HR_Battery,2030,2,7,9,0.0
1052,HR_Battery,2030,2,10,12,0.0
1053,HR_Battery,2030,2,13,15,0.0
1054,HR_Battery,2030,2,16,18,0.0
1055,HR_Battery,2030,2,19,21,0.0
1056,HR_Battery,2030,2,22,24,0.0
1057,HR_Battery,2030,3,1,3,0.0
1058,HR_Battery,2030,3,4,6,0.0
1059,HR_Battery,2030,3,7,9,0.0
1060,HR_Battery,2030,3,10,12,0.0
1061,HR_Battery,2030,3,13,15,0.0
1062,HR_Battery,2030,3,16,18,0.0
1063,HR_Battery,2030,3,19,21,0.0
1064,HR_Battery,2030,3,22,24,0.0
1065,HR_Battery,2030,4,1,3,0.0
1066,HR_Battery,2030,4,4,6,0.0
1067,HR_Battery,2030,4,7,9,0.0
1068,HR_Battery,2030,4,10,12,0.0
1069,HR_Battery,2030,4,13,15,0.0
1070,HR_Battery,2030,4,16,18,0.0
1071,HR_Battery,2030,4,19,21,0.0
1072,HR_Battery,2030,4,22,24,0.0
1073,HR_Battery,2030,5,1,3,0.0
1074,HR_Battery,2030,5,4,6,0.0
1075,HR_Battery,2030,5,7,9,0.0
1076,HR_Battery,2030,5,10,12,0.0
1077,HR_Battery,2030,5,13,15,0.0
1078,HR_Battery,2030,5,16,18,0.0
1079,HR_Battery,2030,5,19,21,0.0
1080,HR_Battery,2030,5,22,24,0.0
1081,HR_Battery,2030,6,1,3,0.0
1082,HR_Battery,2030,6,4,6,0.0
1083,HR_Battery,2030,6,7,9,0.0
1084,HR_Battery,2030,6,10,12,0.0
1085,HR_Battery,2030,6,13,15,0.0
1086,HR_Battery,2030,6,16,18,0.0
1087,HR_Battery,2030,6,19,21,0.0
1088,HR_Battery,2030,6,22,24,0.0
1089,HR_Battery,2030,7,1,3,0.0
1090,HR_Battery,2030,7,4,6,0.0
1091,HR_Battery,2030,7,7,9,0.0
1092,HR_Battery,2030,7,10,12,0.0
1093,HR_Battery,2030,7,13,15,0.0
1094,HR_Battery,2030,7,16,18,0.0
1095,HR_Battery,2030,7,19,21,0.0
1096,HR_Battery,2030,7,22,24,0.0
1097,HR_Battery,2030,8,1,3,0.0
1098,HR_Battery,2030,8,4,6,0.0
1099,HR_Battery,2030,8,7,9,0.0
1100,HR_Battery,2030,8,10,12,0.0
1101,HR_Battery,2030,8,13,15,0.0
1102,HR_Battery,2030,8,16,18,0.0
1103,HR_Battery,2030,8,19,21,0.0
1104,HR_Battery,2030,8,22,24,0.0
1105,HR_Battery,2030,9,1,3,0.0
1106,HR_Battery,2030,9,4,6,0.0
1107,HR_Battery,2030,9,7,9,0.0
1108,HR_Battery,2030,9,10,12,0.0
1109,HR_Battery,2030,9,13,15,0.0
1110,HR_Battery,2030,9,16,18,0.0
1111,HR_Battery,2030,9,19,21,0.0
1112,HR_Battery,2030,9,22,24,0.0
1113,HR_Battery,2030,10,1,3,0.0
1114,HR_Battery,2030,10,4,6,0.0
1115,HR_Battery,2030,10,7,9,0.0
1116,HR_Battery,2030,10,10,12,0.0
1117,HR_Battery,2030,10,13,15,0.0
1118,HR_Battery,2030,10,16,18,0.0
1119,HR_Battery,2030,10,19,21,0.0
1120,HR_Battery,2030,10,22,24,0.0
1121,HU_Battery,2030,1,1,3,436.7530197227243
1122,HU_Battery,2030,1,4,6,436.7530197227243
1123,HU_Battery,2030,1,7,9,436.7530197227243
1124,HU_Battery,2030,1,10,12,436.7530197227243
1125,HU_Battery,2030,1,13,15,436.7530197227243
1126,HU_Battery,2030,1,16,18,436.7530197227243
1127,HU_Battery,2030,1,19,21,0.0
1128,HU_Battery,2030,1,22,24,0.0
1129,HU_Battery,2030,2,1,3,0.0
1130,HU_Battery,2030,2,4,6,0.0
1131,HU_Battery,2030,2,7,9,0.0
1132,HU_Battery,2030,2,10,12,0.0
1133,HU_Battery,2030,2,13,15,0.0
1134,HU_Battery,2030,2,16,18,0.0
1135,HU_Battery,2030,2,19,21,0.0
1136,HU_Battery,2030,2,22,24,0.0
1137,HU_Battery,2030,3,1,3,0.0
1138,HU_Battery,2030,3,4,6,0.0
1139,HU_Battery,2030,3,7,9,0.0
1140,HU_Battery,2030,3,10,12,0.0
1141,HU_Battery,2030,3,13,15,436.7530197227243
1142,HU_Battery,2030,3,16,18,0.0
1143,HU_Battery,2030,3,19,21,0.0
1144,HU_Battery,2030,3,22,24,0.0
1145,HU_Battery,2030,4,1,3,0.0
1146,HU_Battery,2030,4,4,6,436.7530197227243
1147,HU_Battery,2030,4,7,9,436.7530197227243
1148,HU_Battery,2030,4,10,12,436.7530197227243
1149,HU_Battery,2030,4,13,15,436.7530197227243
1150,HU_Battery,2030,4,16,18,320.79026168430164
1151,HU_Battery,2030,4,19,21,0.0
1152,HU_Battery,2030,4,22,24,0.0
1153,HU_Battery,2030,5,1,3,0.0
1154,HU_Battery,2030,5,4,6,436.7530197227243
1155,HU_Battery,2030,5,7,9,391.7727304208994
1156,HU_Battery,2030,5,10,12,427.79666938907155
1157,HU_Battery,2030,5,13,15,117.34271430269939
1158,HU_Battery,2030,5,16,18,0.0
1159,HU_Battery,2030,5,19,21,0.0
1160,HU_Battery,2030,5,22,24,0.0
1161,HU_Battery,2030,6,1,3,432.9117966928357
1162,HU_Battery,2030,6,4,6,432.9117966928357
1163,HU_Battery,2030,6,7,9,432.9117966928357
1164,HU_Battery,2030,6,10,12,432.9117966928357
1165,HU_Battery,2030,6,13,15,432.9117966928357
1166,HU_Battery,2030,6,16,18,432.9117966928357
1167,HU_Battery,2030,6,19,21,0.0
1168,HU_Battery,2030,6,22,24,0.0
1169,HU_Battery,2030,7,1,3,436.7530197227243
1170,HU_Battery,2030,7,4,6,0.0
1171,HU_Battery,2030,7,7,9,436.7530197227243
1172,HU_Battery,2030,7,10,12,436.7530197227243
1173,HU_Battery,2030,7,13,15,436.7530197227243
1174,HU_Battery,2030,7,16,18,436.7530197227243
1175,HU_Battery,2030,7,19,21,0.0
1176,HU_Battery,2030,7,22,24,0.0
1177,HU_Battery,2030,8,1,3,215.39844315700248
1178,HU_Battery,2030,8,4,6,436.7530197227243
1179,HU_Battery,2030,8,7,9,436.7530197227243
1180,HU_Battery,2030,8,10,12,436.7530197227243
1181,HU_Battery,2030,8,13,15,436.7530197227243
1182,HU_Battery,2030,8,16,18,285.969925956143
1183,HU_Battery,2030,8,19,21,0.0
1184,HU_Battery,2030,8,22,24,0.0
1185,HU_Battery,2030,9,1,3,436.7530197227243
1186,HU_Battery,2030,9,4,6,436.7530197227243
1187,HU_Battery,2030,9,7,9,436.7530197227243
1188,HU_Battery,2030,9,10,12,433.4107563519749
1189,HU_Battery,2030,9,13,15,433.4107563519749
1190,HU_Battery,2030,9,16,18,433.4107563519749
1191,HU_Battery,2030,9,19,21,0.0
1192,HU_Battery,2030,9,22,24,0.0
1193,HU_Battery,2030,10,1,3,436.7530197227243
1194,HU_Battery,2030,10,4,6,436.7530197227243
1195,HU_Battery,2030,10,7,9,398.6441120687914
1196,HU_Battery,2030,10,10,12,436.7530197227243
1197,HU_Battery,2030,10,13,15,436.7530197227243
1198,HU_Battery,2030,10,16,18,0.0
1199,HU_Battery,2030,10,19,21,0.0
1200,HU_Battery,2030,10,22,24,0.0
1201,IE_Battery,2030,1,1,3,0.0
1202,IE_Battery,2030,1,4,6,0.0
1203,IE_Battery,2030,1,7,9,0.0
1204,IE_Battery,2030,1,10,12,0.0
1205,IE_Battery,2030,1,13,15,0.0
1206,IE_Battery,2030,1,16,18,0.0
1207,IE_Battery,2030,1,19,21,0.0
1208,IE_Battery,2030,1,22,24,0.0
1209,IE_Battery,2030,2,1,3,23.435920504215574
1210,IE_Battery,2030,2,4,6,23.435920504215574
1211,IE_Battery,2030,2,7,9,23.435920504215574
1212,IE_Battery,2030,2,10,12,23.435920504215574
1213,IE_Battery,2030,2,13,15,23.435920504215574
1214,IE_Battery,2030,2,16,18,23.435920504215574
1215,IE_Battery,2030,2,19,21,0.0
1216,IE_Battery,2030,2,22,24,0.0
1217,IE_Battery,2030,3,1,3,0.0
1218,IE_Battery,2030,3,4,6,0.0
1219,IE_Battery,2030,3,7,9,0.0
1220,IE_Battery,2030,3,10,12,0.0
1221,IE_Battery,2030,3,13,15,0.0
1222,IE_Battery,2030,3,16,18,0.0
1223,IE_Battery,2030,3,19,21,0.0
1224,IE_Battery,2030,3,22,24,0.0
1225,IE_Battery,2030,4,1,3,0.0
1226,IE_Battery,2030,4,4,6,0.0
1227,IE_Battery,2030,4,7,9,0.0
1228,IE_Battery,2030,4,10,12,0.0
1229,IE_Battery,2030,4,13,15,0.0
1230,IE_Battery,2030,4,16,18,0.0
1231,IE_Battery,2030,4,19,21,0.0
1232,IE_Battery,2030,4,22,24,0.0
1233,IE_Battery,2030,5,1,3,0.0
1234,IE_Battery,2030,5,4,6,0.0
1235,IE_Battery,2030,5,7,9,0.0
1236,IE_Battery,2030,5,10,12,0.0
1237,IE_Battery,2030,5,13,15,0.0
1238,IE_Battery,2030,5,16,18,0.0
1239,IE_Battery,2030,5,19,21,0.0
1240,IE_Battery,2030,5,22,24,0.0
1241,IE_Battery,2030,6,1,3,0.0
1242,IE_Battery,2030,6,4,6,0.0
1243,IE_Battery,2030,6,7,9,0.0
1244,IE_Battery,2030,6,10,12,0.0
1245,IE_Battery,2030,6,13,15,0.0
1246,IE_Battery,2030,6,16,18,0.0
1247,IE_Battery,2030,6,19,21,0.0
1248,IE_Battery,2030,6,22,24,0.0
1249,IE_Battery,2030,7,1,3,23.435920504215574
1250,IE_Battery,2030,7,4,6,23.435920504215574
1251,IE_Battery,2030,7,7,9,23.435920504215574
1252,IE_Battery,2030,7,10,12,23.435920504215574
1253,IE_Battery,2030,7,13,15,23.435920504215574
1254,IE_Battery,2030,7,16,18,23.435920504215574
1255,IE_Battery,2030,7,19,21,0.0
1256,IE_Battery,2030,7,22,24,0.0
1257,IE_Battery,2030,8,1,3,0.0
1258,IE_Battery,2030,8,4,6,0.0
1259,IE_Battery,2030,8,7,9,0.0
1260,IE_Battery,2030,8,10,12,0.0
1261,IE_Battery,2030,8,13,15,0.0
1262,IE_Battery,2030,8,16,18,0.0
1263,IE_Battery,2030,8,19,21,0.0
1264,IE_Battery,2030,8,22,24,0.0
1265,IE_Battery,2030,9,1,3,23.435920504215574
1266,IE_Battery,2030,9,4,6,23.435920504215574
1267,IE_Battery,2030,9,7,9,23.435920504215574
1268,IE_Battery,2030,9,10,12,12.53712045930871
1269,IE_Battery,2030,9,13,15,0.0
1270,IE_Battery,2030,9,16,18,0.0
1271,IE_Battery,2030,9,19,21,0.0
1272,IE_Battery,2030,9,22,24,0.0
1273,IE_Battery,2030,10,1,3,23.435920504215574
1274,IE_Battery,2030,10,4,6,23.435920504215574
1275,IE_Battery,2030,10,7,9,23.435920504215574
1276,IE_Battery,2030,10,10,12,0.0
1277,IE_Battery,2030,10,13,15,0.0
1278,IE_Battery,2030,10,16,18,0.0
1279,IE_Battery,2030,10,19,21,0.0
1280,IE_Battery,2030,10,22,24,0.0
1281,IT_Battery,2030,1,1,3,561.5644691169246
1282,IT_Battery,2030,1,4,6,1596.4617809968713
1283,IT_Battery,2030,1,7,9,0.0
1284,IT_Battery,2030,1,10,12,1622.015041236147
1285,IT_Battery,2030,1,13,15,1622.015041236147
1286,IT_Battery,2030,1,16,18,1622.015041236147
1287,IT_Battery,2030,1,19,21,91.70306959738991
1288,IT_Battery,2030,1,22,24,0.0
1289,IT_Battery,2030,2,1,3,0.0
1290,IT_Battery,2030,2,4,6,0.0
1291,IT_Battery,2030,2,7,9,0.0
1292,IT_Battery,2030,2,10,12,0.0
1293,IT_Battery,2030,2,13,15,1622.015041236147
1294,IT_Battery,2030,2,16,18,0.0
1295,IT_Battery,2030,2,19,21,0.0
1296,IT_Battery,2030,2,22,24,0.0
1297,IT_Battery,2030,3,1,3,0.0
1298,IT_Battery,2030,3,4,6,1622.0150412361347
1299,IT_Battery,2030,3,7,9,0.0
1300,IT_Battery,2030,3,10,12,0.0
1301,IT_Battery,2030,3,13,15,1622.015041236147
1302,IT_Battery,2030,3,16,18,1622.015041236147
1303,IT_Battery,2030,3,19,21,1.279199565236695
1304,IT_Battery,2030,3,22,24,0.0
1305,IT_Battery,2030,4,1,3,0.0
1306,IT_Battery,2030,4,4,6,0.0
1307,IT_Battery,2030,4,7,9,0.0
1308,IT_Battery,2030,4,10,12,1622.0150412361347
1309,IT_Battery,2030,4,13,15,0.0
1310,IT_Battery,2030,4,16,18,1622.0150412361347
1311,IT_Battery,2030,4,19,21,0.0
1312,IT_Battery,2030,4,22,24,0.0
1313,IT_Battery,2030,5,1,3,0.0
1314,IT_Battery,2030,5,4,6,1622.015041236147
1315,IT_Battery,2030,5,7,9,0.0
1316,IT_Battery,2030,5,10,12,1622.015041236147
1317,IT_Battery,2030,5,13,15,0.0
1318,IT_Battery,2030,5,16,18,1622.015041236147
1319,IT_Battery,2030,5,19,21,0.0
1320,IT_Battery,2030,5,22,24,0.0
1321,IT_Battery,2030,6,1,3,0.0
1322,IT_Battery,2030,6,4,6,1622.0150412361347
1323,IT_Battery,2030,6,7,9,0.0
1324,IT_Battery,2030,6,10,12,1622.015041236147
1325,IT_Battery,2030,6,13,15,1622.015041236147
1326,IT_Battery,2030,6,16,18,0.0
1327,IT_Battery,2030,6,19,21,0.0
1328,IT_Battery,2030,6,22,24,0.0
1329,IT_Battery,2030,7,1,3,0.0
1330,IT_Battery,2030,7,4,6,1622.0150412361347
1331,IT_Battery,2030,7,7,9,1622.0150412361347
1332,IT_Battery,2030,7,10,12,0.0
1333,IT_Battery,2030,7,13,15,1622.015041236147
1334,IT_Battery,2030,7,16,18,1622.015041236147
1335,IT_Battery,2030,7,19,21,0.0
1336,IT_Battery,2030,7,22,24,0.0
1337,IT_Battery,2030,8,1,3,0.0
1338,IT_Battery,2030,8,4,6,0.0
1339,IT_Battery,2030,8,7,9,0.0
1340,IT_Battery,2030,8,10,12,0.0
1341,IT_Battery,2030,8,13,15,0.0
1342,IT_Battery,2030,8,16,18,1622.015041236147
1343,IT_Battery,2030,8,19,21,0.0
1344,IT_Battery,2030,8,22,24,0.0
1345,IT_Battery,2030,9,1,3,0.0
1346,IT_Battery,2030,9,4,6,1622.015041236147
1347,IT_Battery,2030,9,7,9,0.0
1348,IT_Battery,2030,9,10,12,0.0
1349,IT_Battery,2030,9,13,15,0.0
1350,IT_Battery,2030,9,16,18,1622.0150412361347
1351,IT_Battery,2030,9,19,21,0.0
1352,IT_Battery,2030,9,22,24,0.0
1353,IT_Battery,2030,10,1,3,1622.015041236147
1354,IT_Battery,2030,10,4,6,1622.015041236147
1355,IT_Battery,2030,10,7,9,1622.015041236147
1356,IT_Battery,2030,10,10,12,1622.015041236147
1357,IT_Battery,2030,10,13,15,0.0
1358,IT_Battery,2030,10,16,18,1622.015041236147
1359,IT_Battery,2030,10,19,21,0.0
1360,IT_Battery,2030,10,22,24,0.0
1361,LT_Battery,2030,1,1,3,24.304548954032576
1362,LT_Battery,2030,1,4,6,24.304548954032576
1363,LT_Battery,2030,1,7,9,24.304548954032576
1364,LT_Battery,2030,1,10,12,0.0
1365,LT_Battery,2030,1,13,15,0.0
1366,LT_Battery,2030,1,16,18,0.0
1367,LT_Battery,2030,1,19,21,0.0
1368,LT_Battery,2030,1,22,24,0.0
1369,LT_Battery,2030,2,1,3,0.0
1370,LT_Battery,2030,2,4,6,24.304548954032576
1371,LT_Battery,2030,2,7,9,24.304548954032576
1372,LT_Battery,2030,2,10,12,24.304548954032576
1373,LT_Battery,2030,2,13,15,0.0
1374,LT_Battery,2030,2,16,18,16.38107118448485
1375,LT_Battery,2030,2,19,21,0.0
1376,LT_Battery,2030,2,22,24,0.0
1377,LT_Battery,2030,3,1,3,0.0
1378,LT_Battery,2030,3,4,6,24.304548954032576
1379,LT_Battery,2030,3,7,9,24.304548954032576
1380,LT_Battery,2030,3,10,12,24.304548954032576
1381,LT_Battery,2030,3,13,15,0.0
1382,LT_Battery,2030,3,16,18,0.0
1383,LT_Battery,2030,3,19,21,0.0
1384,LT_Battery,2030,3,22,24,0.0
1385,LT_Battery,2030,4,1,3,0.0
1386,LT_Battery,2030,4,4,6,0.0
1387,LT_Battery,2030,4,7,9,24.304548954032576
1388,LT_Battery,2030,4,10,12,24.304548954032576
1389,LT_Battery,2030,4,13,15,24.304548954032576
1390,LT_Battery,2030,4,16,18,0.0
1391,LT_Battery,2030,4,19,21,0.0
1392,LT_Battery,2030,4,22,24,0.0
1393,LT_Battery,2030,5,1,3,0.0
1394,LT_Battery,2030,5,4,6,0.0
1395,LT_Battery,2030,5,7,9,0.0
1396,LT_Battery,2030,5,10,12,24.304548954032576
1397,LT_Battery,2030,5,13,15,0.0
1398,LT_Battery,2030,5,16,18,0.0
1399,LT_Battery,2030,5,19,21,0.0
1400,LT_Battery,2030,5,22,24,0.0
1401,LT_Battery,2030,6,1,3,0.0
1402,LT_Battery,2030,6,4,6,24.304548954032576
1403,LT_Battery,2030,6,7,9,24.304548954032576
1404,LT_Battery,2030,6,10,12,0.0
1405,LT_Battery,2030,6,13,15,0.0
1406,LT_Battery,2030,6,16,18,0.0
1407,LT_Battery,2030,6,19,21,0.0
1408,LT_Battery,2030,6,22,24,0.0
1409,LT_Battery,2030,7,1,3,0.0
1410,LT_Battery,2030,7,4,6,0.0
1411,LT_Battery,2030,7,7,9,0.0
1412,LT_Battery,2030,7,10,12,0.0
1413,LT_Battery,2030,7,13,15,0.0
1414,LT_Battery,2030,7,16,18,0.0
1415,LT_Battery,2030,7,19,21,0.0
1416,LT_Battery,2030,7,22,24,0.0
1417,LT_Battery,2030,8,1,3,24.304548954032576
1418,LT_Battery,2030,8,4,6,24.304548954032576
1419,LT_Battery,2030,8,7,9,24.304548954032576
1420,LT_Battery,2030,8,10,12,0.0
1421,LT_Battery,2030,8,13,15,24.304548954032576
1422,LT_Battery,2030,8,16,18,0.0
1423,LT_Battery,2030,8,19,21,0.0
1424,LT_Battery,2030,8,22,24,0.0
1425,LT_Battery,2030,9,1,3,0.0
1426,LT_Battery,2030,9,4,6,0.0
1427,LT_Battery,2030,9,7,9,0.0
1428,LT_Battery,2030,9,10,12,0.0
1429,LT_Battery,2030,9,13,15,0.0
1430,LT_Battery,2030,9,16,18,0.0
1431,LT_Battery,2030,9,19,21,0.0
1432,LT_Battery,2030,9,22,24,0.0
1433,LT_Battery,2030,10,1,3,0.0
1434,LT_Battery,2030,10,4,6,24.304548954032576
1435,LT_Battery,2030,10,7,9,24.304548954032576
1436,LT_Battery,2030,10,10,12,24.304548954032576
1437,LT_Battery,2030,10,13,15,24.304548954032576
1438,LT_Battery,2030,10,16,18,0.0
1439,LT_Battery,2030,10,19,21,0.0
1440,LT_Battery,2030,10,22,24,0.0
1441,LU_Battery,2030,1,1,3,269.000371048057
1442,LU_Battery,2030,1,4,6,0.0
1443,LU_Battery,2030,1,7,9,223.52257686549132
1444,LU_Battery,2030,1,10,12,0.0
1445,LU_Battery,2030,1,13,15,0.0
1446,LU_Battery,2030,1,16,18,0.0
1447,LU_Battery,2030,1,19,21,0.0
1448,LU_Battery,2030,1,22,24,0.0
1449,LU_Battery,2030,2,1,3,126.08653708639031
1450,LU_Battery,2030,2,4,6,269.000371048057
1451,LU_Battery,2030,2,7,9,148.66448269935904
1452,LU_Battery,2030,2,10,12,11.230586101449717
1453,LU_Battery,2030,2,13,15,173.1736921857526
1454,LU_Battery,2030,2,16,18,99.03905525284296
1455,LU_Battery,2030,2,19,21,222.1821353430911
1456,LU_Battery,2030,2,22,24,0.0
1457,LU_Battery,2030,3,1,3,269.000371048057
1458,LU_Battery,2030,3,4,6,269.000371048057
1459,LU_Battery,2030,3,7,9,254.1755134087263
1460,LU_Battery,2030,3,10,12,190.88881871558655
1461,LU_Battery,2030,3,13,15,0.0
1462,LU_Battery,2030,3,16,18,0.0
1463,LU_Battery,2030,3,19,21,0.0
1464,LU_Battery,2030,3,22,24,0.0
1465,LU_Battery,2030,4,1,3,228.83496186491433
1466,LU_Battery,2030,4,4,6,193.87041047426163
1467,LU_Battery,2030,4,7,9,71.7446308677393
1468,LU_Battery,2030,4,10,12,196.1638040039563
1469,LU_Battery,2030,4,13,15,128.0349043816082
1470,LU_Battery,2030,4,16,18,0.0
1471,LU_Battery,2030,4,19,21,192.9023770034355
1472,LU_Battery,2030,4,22,24,0.0
1473,LU_Battery,2030,5,1,3,0.0
1474,LU_Battery,2030,5,4,6,0.0
1475,LU_Battery,2030,5,7,9,0.0
1476,LU_Battery,2030,5,10,12,0.0
1477,LU_Battery,2030,5,13,15,0.0
1478,LU_Battery,2030,5,16,18,0.0
1479,LU_Battery,2030,5,19,21,0.0
1480,LU_Battery,2030,5,22,24,0.0
1481,LU_Battery,2030,6,1,3,269.000371048057
1482,LU_Battery,2030,6,4,6,269.000371048057
1483,LU_Battery,2030,6,7,9,269.000371048057
1484,LU_Battery,2030,6,10,12,104.37577855966822
1485,LU_Battery,2030,6,13,15,121.59175084622382
1486,LU_Battery,2030,6,16,18,74.41691277194641
1487,LU_Battery,2030,6,19,21,125.48300812499974
1488,LU_Battery,2030,6,22,24,0.0
1489,LU_Battery,2030,7,1,3,166.462061629973
1490,LU_Battery,2030,7,4,6,225.80337341443231
1491,LU_Battery,2030,7,7,9,0.0
1492,LU_Battery,2030,7,10,12,0.0
1493,LU_Battery,2030,7,13,15,0.0
1494,LU_Battery,2030,7,16,18,219.76664163094517
1495,LU_Battery,2030,7,19,21,0.0
1496,LU_Battery,2030,7,22,24,0.0
1497,LU_Battery,2030,8,1,3,0.0
1498,LU_Battery,2030,8,4,6,0.0
1499,LU_Battery,2030,8,7,9,0.0
1500,LU_Battery,2030,8,10,12,0.0
1501,LU_Battery,2030,8,13,15,0.0
1502,LU_Battery,2030,8,16,18,0.0
1503,LU_Battery,2030,8,19,21,0.0
1504,LU_Battery,2030,8,22,24,0.0
1505,LU_Battery,2030,9,1,3,269.000371048057
1506,LU_Battery,2030,9,4,6,269.000371048057
1507,LU_Battery,2030,9,7,9,0.0
1508,LU_Battery,2030,9,10,12,0.0
1509,LU_Battery,2030,9,13,15,0.0
1510,LU_Battery,2030,9,16,18,269.000371048057
1511,LU_Battery,2030,9,19,21,0.0
1512,LU_Battery,2030,9,22,24,0.0
1513,LU_Battery,2030,10,1,3,102.85965214545627
1514,LU_Battery,2030,10,4,6,102.85965214545627
1515,LU_Battery,2030,10,7,9,102.85965214545627
1516,LU_Battery,2030,10,10,12,261.22448116106455
1517,LU_Battery,2030,10,13,15,261.22448116106455
1518,LU_Battery,2030,10,16,18,195.59264914178124
1519,LU_Battery,2030,10,19,21,0.0
1520,LU_Battery,2030,10,22,24,0.0
1521,LV_Battery,2030,1,1,3,27.924134880674394
1522,LV_Battery,2030,1,4,6,0.0
1523,LV_Battery,2030,1,7,9,0.0
1524,LV_Battery,2030,1,10,12,0.0
1525,LV_Battery,2030,1,13,15,0.0
1526,LV_Battery,2030,1,16,18,0.0
1527,LV_Battery,2030,1,19,21,0.0
1528,LV_Battery,2030,1,22,24,0.0
1529,LV_Battery,2030,2,1,3,0.0
1530,LV_Battery,2030,2,4,6,0.0
1531,LV_Battery,2030,2,7,9,0.0
1532,LV_Battery,2030,2,10,12,0.0
1533,LV_Battery,2030,2,13,15,27.924134880674394
1534,LV_Battery,2030,2,16,18,21.824077907544982
1535,LV_Battery,2030,2,19,21,0.0
1536,LV_Battery,2030,2,22,24,0.0
1537,LV_Battery,2030,3,1,3,27.924134880674394
1538,LV_Battery,2030,3,4,6,27.924134880674394
1539,LV_Battery,2030,3,7,9,27.924134880674394
1540,LV_Battery,2030,3,10,12,27.924134880674394
1541,LV_Battery,2030,3,13,15,12.466803148571397
1542,LV_Battery,2030,3,16,18,0.0
1543,LV_Battery,2030,3,19,21,0.0
1544,LV_Battery,2030,3,22,24,0.0
1545,LV_Battery,2030,4,1,3,27.924134880674394
1546,LV_Battery,2030,4,4,6,0.0
1547,LV_Battery,2030,4,7,9,27.924134880674394
1548,LV_Battery,2030,4,10,12,27.924134880674394
1549,LV_Battery,2030,4,13,15,27.924134880674394
1550,LV_Battery,2030,4,16,18,0.0
1551,LV_Battery,2030,4,19,21,0.0
1552,LV_Battery,2030,4,22,24,0.0
1553,LV_Battery,2030,5,1,3,0.0
1554,LV_Battery,2030,5,4,6,0.0
1555,LV_Battery,2030,5,7,9,0.0
1556,LV_Battery,2030,5,10,12,0.0
1557,LV_Battery,2030,5,13,15,0.0
1558,LV_Battery,2030,5,16,18,0.0
1559,LV_Battery,2030,5,19,21,0.0
1560,LV_Battery,2030,5,22,24,0.0
1561,LV_Battery,2030,6,1,3,23.41933295622232
1562,LV_Battery,2030,6,4,6,23.41933295622232
1563,LV_Battery,2030,6,7,9,23.41933295622232
1564,LV_Battery,2030,6,10,12,0.0
1565,LV_Battery,2030,6,13,15,0.0
1566,LV_Battery,2030,6,16,18,0.0
1567,LV_Battery,2030,6,19,21,0.0
1568,LV_Battery,2030,6,22,24,0.0
1569,LV_Battery,2030,7,1,3,0.0
1570,LV_Battery,2030,7,4,6,0.0
1571,LV_Battery,2030,7,7,9,0.0
1572,LV_Battery,2030,7,10,12,0.0
1573,LV_Battery,2030,7,13,15,0.0
1574,LV_Battery,2030,7,16,18,0.0
1575,LV_Battery,2030,7,19,21,0.0
1576,LV_Battery,2030,7,22,24,0.0
1577,LV_Battery,2030,8,1,3,27.924134880674394
1578,LV_Battery,2030,8,4,6,27.924134880674394
1579,LV_Battery,2030,8,7,9,27.924134880674394
1580,LV_Battery,2030,8,10,12,0.0
1581,LV_Battery,2030,8,13,15,0.0
1582,LV_Battery,2030,8,16,18,0.0
1583,LV_Battery,2030,8,19,21,0.0
1584,LV_Battery,2030,8,22,24,0.0
1585,LV_Battery,2030,9,1,3,27.924134880674394
1586,LV_Battery,2030,9,4,6,27.924134880674394
1587,LV_Battery,2030,9,7,9,27.924134880674394
1588,LV_Battery,2030,9,10,12,0.0
1589,LV_Battery,2030,9,13,15,0.0
1590,LV_Battery,2030,9,16,18,0.0
1591,LV_Battery,2030,9,19,21,0.0
1592,LV_Battery,2030,9,22,24,0.0
1593,LV_Battery,2030,10,1,3,27.924134880674394
1594,LV_Battery,2030,10,4,6,27.924134880674394
1595,LV_Battery,2030,10,7,9,27.924134880674394
1596,LV_Battery,2030,10,10,12,0.0
1597,LV_Battery,2030,10,13,15,0.0
1598,LV_Battery,2030,10,16,18,0.0
1599,LV_Battery,2030,10,19,21,0.0
1600,LV_Battery,2030,10,22,24,0.0
1601,MT_Battery,2030,1,1,3,0.0
1602,MT_Battery,2030,1,4,6,0.0
1603,MT_Battery,2030,1,7,9,0.0
1604,MT_Battery,2030,1,10,12,20.99684699671235
1605,MT_Battery,2030,1,13,15,126.88987116882572
1606,MT_Battery,2030,1,16,18,126.88987116882572
1607,MT_Battery,2030,1,19,21,0.0
1608,MT_Battery,2030,1,22,24,0.0
1609,MT_Battery,2030,2,1,3,35.45496352671969
1610,MT_Battery,2030,2,4,6,35.45496372808699
1611,MT_Battery,2030,2,7,9,0.0
1612,MT_Battery,2030,2,10,12,37.1702730913714
1613,MT_Battery,2030,2,13,15,37.1702730913714
1614,MT_Battery,2030,2,16,18,126.88987116882572
1615,MT_Battery,2030,2,19,21,126.88987116882572
1616,MT_Battery,2030,2,22,24,0.0
1617,MT_Battery,2030,3,1,3,57.878348625650084
1618,MT_Battery,2030,3,4,6,57.87834884937232
1619,MT_Battery,2030,3,7,9,57.878348849372315
1620,MT_Battery,2030,3,10,12,0.0
1621,MT_Battery,2030,3,13,15,52.39174819909863
1622,MT_Battery,2030,3,16,18,52.39174819909863
1623,MT_Battery,2030,3,19,21,0.0
1624,MT_Battery,2030,3,22,24,0.0
1625,MT_Battery,2030,4,1,3,125.68576188546666
1626,MT_Battery,2030,4,4,6,0.0
1627,MT_Battery,2030,4,7,9,0.0
1628,MT_Battery,2030,4,10,12,15.171680668434817
1629,MT_Battery,2030,4,13,15,126.88987116882572
1630,MT_Battery,2030,4,16,18,104.31753922196737
1631,MT_Battery,2030,4,19,21,104.31753922196737
1632,MT_Battery,2030,4,22,24,0.0
1633,MT_Battery,2030,5,1,3,0.0
1634,MT_Battery,2030,5,4,6,0.0
1635,MT_Battery,2030,5,7,9,0.0
1636,MT_Battery,2030,5,10,12,53.81340122330778
1637,MT_Battery,2030,5,13,15,126.88987116882572
1638,MT_Battery,2030,5,16,18,126.88987128078635
1639,MT_Battery,2030,5,19,21,126.88987116882572
1640,MT_Battery,2030,5,22,24,0.0
1641,MT_Battery,2030,6,1,3,0.0
1642,MT_Battery,2030,6,4,6,0.0
1643,MT_Battery,2030,6,7,9,0.0
1644,MT_Battery,2030,6,10,12,0.0
1645,MT_Battery,2030,6,13,15,126.88987116882572
1646,MT_Battery,2030,6,16,18,17.577768396559502
1647,MT_Battery,2030,6,19,21,17.577768396559502
1648,MT_Battery,2030,6,22,24,0.0
1649,MT_Battery,2030,7,1,3,2.0136600476987748e-07
1650,MT_Battery,2030,7,4,6,0.0
1651,MT_Battery,2030,7,7,9,0.0
1652,MT_Battery,2030,7,10,12,0.0
1653,MT_Battery,2030,7,13,15,126.88987116882572
1654,MT_Battery,2030,7,16,18,126.88987116882572
1655,MT_Battery,2030,7,19,21,126.88987116882572
1656,MT_Battery,2030,7,22,24,0.0
1657,MT_Battery,2030,8,1,3,0.0
1658,MT_Battery,2030,8,4,6,0.0
1659,MT_Battery,2030,8,7,9,0.0
1660,MT_Battery,2030,8,10,12,0.0
1661,MT_Battery,2030,8,13,15,126.88987116882572
1662,MT_Battery,2030,8,16,18,0.0
1663,MT_Battery,2030,8,19,21,0.0
1664,MT_Battery,2030,8,22,24,0.0
1665,MT_Battery,2030,9,1,3,126.88987116882572
1666,MT_Battery,2030,9,4,6,0.0
1667,MT_Battery,2030,9,7,9,0.0
1668,MT_Battery,2030,9,10,12,0.0
1669,MT_Battery,2030,9,13,15,98.0770827153838
1670,MT_Battery,2030,9,16,18,126.88987116882572
1671,MT_Battery,2030,9,19,21,86.7012649564536
1672,MT_Battery,2030,9,22,24,0.0
1673,MT_Battery,2030,10,1,3,23.21444664826213
1674,MT_Battery,2030,10,4,6,23.214446849632303
1675,MT_Battery,2030,10,7,9,0.0
1676,MT_Battery,2030,10,10,12,0.0
1677,MT_Battery,2030,10,13,15,126.88987116882572
1678,MT_Battery,2030,10,16,18,126.88987137019413
1679,MT_Battery,2030,10,19,21,2.0136840817031043e-07
1680,MT_Battery,2030,10,22,24,0.0
1681,NL_Battery,2030,1,1,3,0.7819834489155255
1682,NL_Battery,2030,1,4,6,0.7819834489155255
1683,NL_Battery,2030,1,7,9,0.7819834489155255
1684,NL_Battery,2030,1,10,12,0.0
1685,NL_Battery,2030,1,13,15,0.0
1686,NL_Battery,2030,1,16,18,0.0
1687,NL_Battery,2030,1,19,21,0.0
1688,NL_Battery,2030,1,22,24,0.0
1689,NL_Battery,2030,2,1,3,0.7819834489155255
1690,NL_Battery,2030,2,4,6,0.7819834489155255
1691,NL_Battery,2030,2,7,9,0.0
1692,NL_Battery,2030,2,10,12,0.0
1693,NL_Battery,2030,2,13,15,0.0
1694,NL_Battery,2030,2,16,18,0.0
1695,NL_Battery,2030,2,19,21,0.0
1696,NL_Battery,2030,2,22,24,0.0
1697,NL_Battery,2030,3,1,3,0.0
1698,NL_Battery,2030,3,4,6,0.0
1699,NL_Battery,2030,3,7,9,0.0
1700,NL_Battery,2030,3,10,12,0.0
1701,NL_Battery,2030,3,13,15,0.0
1702,NL_Battery,2030,3,16,18,0.0
1703,NL_Battery,2030,3,19,21,0.0
1704,NL_Battery,2030,3,22,24,0.0
1705,NL_Battery,2030,4,1,3,0.7819834489155255
1706,NL_Battery,2030,4,4,6,0.7819834489155255
1707,NL_Battery,2030,4,7,9,0.7819834489155255
1708,NL_Battery,2030,4,10,12,0.7819834489155255
1709,NL_Battery,2030,4,13,15,0.7819834489155255
1710,NL_Battery,2030,4,16,18,0.0
1711,NL_Battery,2030,4,19,21,0.0
1712,NL_Battery,2030,4,22,24,0.0
1713,NL_Battery,2030,5,1,3,0.0
1714,NL_Battery,2030,5,4,6,0.0
1715,NL_Battery,2030,5,7,9,0.0
1716,NL_Battery,2030,5,10,12,0.0
1717,NL_Battery,2030,5,13,15,0.0
1718,NL_Battery,2030,5,16,18,0.0
1719,NL_Battery,2030,5,19,21,0.0
1720,NL_Battery,2030,5,22,24,0.0
1721,NL_Battery,2030,6,1,3,0.7819834489155255
1722,NL_Battery,2030,6,4,6,0.7819834489155255
1723,NL_Battery,2030,6,7,9,0.0
1724,NL_Battery,2030,6,10,12,0.0
1725,NL_Battery,2030,6,13,15,0.0
1726,NL_Battery,2030,6,16,18,0.0
1727,NL_Battery,2030,6,19,21,0.0
1728,NL_Battery,2030,6,22,24,0.0
1729,NL_Battery,2030,7,1,3,0.7819834489155255
1730,NL_Battery,2030,7,4,6,0.7819834489155255
1731,NL_Battery,2030,7,7,9,0.7819834489155255
1732,NL_Battery,2030,7,10,12,0.0
1733,NL_Battery,2030,7,13,15,0.7819834489155255
1734,NL_Battery,2030,7,16,18,0.0
1735,NL_Battery,2030,7,19,21,0.0
1736,NL_Battery,2030,7,22,24,0.0
1737,NL_Battery,2030,8,1,3,0.0
1738,NL_Battery,2030,8,4,6,0.0
1739,NL_Battery,2030,8,7,9,0.0
1740,NL_Battery,2030,8,10,12,0.0
1741,NL_Battery,2030,8,13,15,0.0
1742,NL_Battery,2030,8,16,18,0.0
1743,NL_Battery,2030,8,19,21,0.0
1744,NL_Battery,2030,8,22,24,0.0
1745,NL_Battery,2030,9,1,3,0.7819834489155255
1746,NL_Battery,2030,9,4,6,0.7819834489155255
1747,NL_Battery,2030,9,7,9,0.7819834489155255
1748,NL_Battery,2030,9,10,12,0.7819834489155255
1749,NL_Battery,2030,9,13,15,0.7819834489155255
1750,NL_Battery,2030,9,16,18,0.7819834489155255
1751,NL_Battery,2030,9,19,21,0.0
1752,NL_Battery,2030,9,22,24,0.0
1753,NL_Battery,2030,10,1,3,0.7819834489155255
1754,NL_Battery,2030,10,4,6,0.7819834489155255
1755,NL_Battery,2030,10,7,9,0.7819834489155255
1756,NL_Battery,2030,10,10,12,0.7819834489155255
1757,NL_Battery,2030,10,13,15,0.7819834489155255
1758,NL_Battery,2030,10,16,18,0.0
1759,NL_Battery,2030,10,19,21,0.0
1760,NL_Battery,2030,10,22,24,0.0
1761,NO_Battery,2030,1,1,3,27.46644935817494
1762,NO_Battery,2030,1,4,6,27.46644935817494
1763,NO_Battery,2030,1,7,9,0.0
1764,NO_Battery,2030,1,10,12,0.0
1765,NO_Battery,2030,1,13,15,0.0
1766,NO_Battery,2030,1,16,18,0.0
1767,NO_Battery,2030,1,19,21,0.0
1768,NO_Battery,2030,1,22,24,0.0
1769,NO_Battery,2030,2,1,3,27.46644935817494
1770,NO_Battery,2030,2,4,6,27.46644935817494
1771,NO_Battery,2030,2,7,9,27.46644935817494
1772,NO_Battery,2030,2,10,12,0.0
1773,NO_Battery,2030,2,13,15,0.0
1774,NO_Battery,2030,2,16,18,0.0
1775,NO_Battery,2030,2,19,21,0.0
1776,NO_Battery,2030,2,22,24,0.0
1777,NO_Battery,2030,3,1,3,0.0
1778,NO_Battery,2030,3,4,6,0.0
1779,NO_Battery,2030,3,7,9,0.0
1780,NO_Battery,2030,3,10,12,0.0
1781,NO_Battery,2030,3,13,15,0.0
1782,NO_Battery,2030,3,16,18,0.0
1783,NO_Battery,2030,3,19,21,0.0
1784,NO_Battery,2030,3,22,24,0.0
1785,NO_Battery,2030,4,1,3,27.46644935817494
1786,NO_Battery,2030,4,4,6,27.46644935817494
1787,NO_Battery,2030,4,7,9,0.0
1788,NO_Battery,2030,4,10,12,0.0
1789,NO_Battery,2030,4,13,15,0.0
1790,NO_Battery,2030,4,16,18,0.0
1791,NO_Battery,2030,4,19,21,0.0
1792,NO_Battery,2030,4,22,24,0.0
1793,NO_Battery,2030,5,1,3,0.0
1794,NO_Battery,2030,5,4,6,0.0
1795,NO_Battery,2030,5,7,9,0.0
1796,NO_Battery,2030,5,10,12,0.0
1797,NO_Battery,2030,5,13,15,0.0
1798,NO_Battery,2030,5,16,18,0.0
1799,NO_Battery,2030,5,19,21,0.0
1800,NO_Battery,2030,5,22,24,0.0
1801,NO_Battery,2030,6,1,3,27.46644935817494
1802,NO_Battery,2030,6,4,6,27.46644935817494
1803,NO_Battery,2030,6,7,9,27.46644935817494
1804,NO_Battery,2030,6,10,12,0.0
1805,NO_Battery,2030,6,13,15,0.0
1806,NO_Battery,2030,6,16,18,0.0
1807,NO_Battery,2030,6,19,21,0.0
1808,NO_Battery,2030,6,22,24,0.0
1809,NO_Battery,2030,7,1,3,0.0
1810,NO_Battery,2030,7,4,6,0.0
1811,NO_Battery,2030,7,7,9,0.0
1812,NO_Battery,2030,7,10,12,0.0
1813,NO_Battery,2030,7,13,15,0.0
1814,NO_Battery,2030,7,16,18,0.0
1815,NO_Battery,2030,7,19,21,0.0
1816,NO_Battery,2030,7,22,24,0.0
1817,NO_Battery,2030,8,1,3,0.0
1818,NO_Battery,2030,8,4,6,0.0
1819,NO_Battery,2030,8,7,9,0.0
1820,NO_Battery,2030,8,10,12,0.0
1821,NO_Battery,2030,8,13,15,0.0
1822,NO_Battery,2030,8,16,18,0.0
1823,NO_Battery,2030,8,19,21,0.0
1824,NO_Battery,2030,8,22,24,0.0
1825,NO_Battery,2030,9,1,3,0.0
1826,NO_Battery,2030,9,4,6,0.0
1827,NO_Battery,2030,9,7,9,0.0
1828,NO_Battery,2030,9,10,12,0.0
1829,NO_Battery,2030,9,13,15,0.0
1830,NO_Battery,2030,9,16,18,0.0
1831,NO_Battery,2030,9,19,21,0.0
1832,NO_Battery,2030,9,22,24,0.0
1833,NO_Battery,2030,10,1,3,27.46644935817494
1834,NO_Battery,2030,10,4,6,27.46644935817494
1835,NO_Battery,2030,10,7,9,27.46644935817494
1836,NO_Battery,2030,10,10,12,0.0
1837,NO_Battery,2030,10,13,15,0.0
1838,NO_Battery,2030,10,16,18,0.0
1839,NO_Battery,2030,10,19,21,0.0
1840,NO_Battery,2030,10,22,24,0.0
1841,PL_Battery,2030,1,1,3,32.69927211038703
1842,PL_Battery,2030,1,4,6,0.0
1843,PL_Battery,2030,1,7,9,32.69927211038703
1844,PL_Battery,2030,1,10,12,0.0
1845,PL_Battery,2030,1,13,15,32.69927211038703
1846,PL_Battery,2030,1,16,18,32.69927211038703
1847,PL_Battery,2030,1,19,21,4.023709908105957
1848,PL_Battery,2030,1,22,24,0.0
1849,PL_Battery,2030,2,1,3,0.0
1850,PL_Battery,2030,2,4,6,0.0
1851,PL_Battery,2030,2,7,9,32.69927211038703
1852,PL_Battery,2030,2,10,12,32.69927211038703
1853,PL_Battery,2030,2,13,15,0.0
1854,PL_Battery,2030,2,16,18,32.69927211038703
1855,PL_Battery,2030,2,19,21,32.69927211038703
1856,PL_Battery,2030,2,22,24,0.0
1857,PL_Battery,2030,3,1,3,0.0
1858,PL_Battery,2030,3,4,6,0.0
1859,PL_Battery,2030,3,7,9,0.0
1860,PL_Battery,2030,3,10,12,0.0
1861,PL_Battery,2030,3,13,15,0.0
1862,PL_Battery,2030,3,16,18,0.0
1863,PL_Battery,2030,3,19,21,0.0
1864,PL_Battery,2030,3,22,24,0.0
1865,PL_Battery,2030,4,1,3,0.0
1866,PL_Battery,2030,4,4,6,0.0
1867,PL_Battery,2030,4,7,9,32.69927211038703
1868,PL_Battery,2030,4,10,12,32.69927211038703
1869,PL_Battery,2030,4,13,15,32.69927211038703
1870,PL_Battery,2030,4,16,18,32.69927211038703
1871,PL_Battery,2030,4,19,21,32.69927211038703
1872,PL_Battery,2030,4,22,24,0.0
1873,PL_Battery,2030,5,1,3,0.0
1874,PL_Battery,2030,5,4,6,0.0
1875,PL_Battery,2030,5,7,9,0.0
1876,PL_Battery,2030,5,10,12,0.0
1877,PL_Battery,2030,5,13,15,0.0
1878,PL_Battery,2030,5,16,18,0.0
1879,PL_Battery,2030,5,19,21,0.0
1880,PL_Battery,2030,5,22,24,0.0
1881,PL_Battery,2030,6,1,3,0.0
1882,PL_Battery,2030,6,4,6,32.69927211038703
1883,PL_Battery,2030,6,7,9,0.0
1884,PL_Battery,2030,6,10,12,0.0
1885,PL_Battery,2030,6,13,15,0.0
1886,PL_Battery,2030,6,16,18,6.803788566058074
1887,PL_Battery,2030,6,19,21,32.69927211038703
1888,PL_Battery,2030,6,22,24,0.0
1889,PL_Battery,2030,7,1,3,0.0
1890,PL_Battery,2030,7,4,6,0.0
1891,PL_Battery,2030,7,7,9,32.69927211038703
1892,PL_Battery,2030,7,10,12,0.0
1893,PL_Battery,2030,7,13,15,0.0
1894,PL_Battery,2030,7,16,18,32.69927211038703
1895,PL_Battery,2030,7,19,21,0.0
1896,PL_Battery,2030,7,22,24,0.0
1897,PL_Battery,2030,8,1,3,0.0
1898,PL_Battery,2030,8,4,6,0.0
1899,PL_Battery,2030,8,7,9,32.69927211038703
1900,PL_Battery,2030,8,10,12,32.69927211038703
1901,PL_Battery,2030,8,13,15,32.69927211038703
1902,PL_Battery,2030,8,16,18,32.69927211038703
1903,PL_Battery,2030,8,19,21,0.0
1904,PL_Battery,2030,8,22,24,0.0
1905,PL_Battery,2030,9,1,3,32.69927211038703
1906,PL_Battery,2030,9,4,6,32.69927211038703
1907,PL_Battery,2030,9,7,9,32.69927211038703
1908,PL_Battery,2030,9,10,12,32.69927211038703
1909,PL_Battery,2030,9,13,15,32.69927211038703
1910,PL_Battery,2030,9,16,18,32.69927211038703
1911,PL_Battery,2030,9,19,21,32.69927211038703
1912,PL_Battery,2030,9,22,24,0.0
1913,PL_Battery,2030,10,1,3,0.0
1914,PL_Battery,2030,10,4,6,0.0
1915,PL_Battery,2030,10,7,9,7.131010862619206
1916,PL_Battery,2030,10,10,12,32.69927211038703
1917,PL_Battery,2030,10,13,15,0.0
1918,PL_Battery,2030,10,16,18,32.69927211038703
1919,PL_Battery,2030,10,19,21,32.69927211038703
1920,PL_Battery,2030,10,22,24,0.0
1921,PT_Battery,2030,1,1,3,222.13839670990092
1922,PT_Battery,2030,1,4,6,222.13839670990092
1923,PT_Battery,2030,1,7,9,144.62053606513246
1924,PT_Battery,2030,1,10,12,0.0
1925,PT_Battery,2030,1,13,15,0.0
1926,PT_Battery,2030,1,16,18,0.0
1927,PT_Battery,2030,1,19,21,0.0
1928,PT_Battery,2030,1,22,24,0.0
1929,PT_Battery,2030,2,1,3,203.99075772409378
1930,PT_Battery,2030,2,4,6,222.13839670990092
1931,PT_Battery,2030,2,7,9,222.13839670990092
1932,PT_Battery,2030,2,10,12,0.0
1933,PT_Battery,2030,2,13,15,106.55129758672138
1934,PT_Battery,2030,2,16,18,222.13839670990092
1935,PT_Battery,2030,2,19,21,0.0
1936,PT_Battery,2030,2,22,24,0.0
1937,PT_Battery,2030,3,1,3,222.13839670990092
1938,PT_Battery,2030,3,4,6,222.13839670990092
1939,PT_Battery,2030,3,7,9,0.0
1940,PT_Battery,2030,3,10,12,0.0
1941,PT_Battery,2030,3,13,15,222.13839670990092
1942,PT_Battery,2030,3,16,18,222.13839670990092
1943,PT_Battery,2030,3,19,21,0.0
1944,PT_Battery,2030,3,22,24,0.0
1945,PT_Battery,2030,4,1,3,0.0
1946,PT_Battery,2030,4,4,6,0.0
1947,PT_Battery,2030,4,7,9,0.0
1948,PT_Battery,2030,4,10,12,0.0
1949,PT_Battery,2030,4,13,15,0.0
1950,PT_Battery,2030,4,16,18,0.0
1951,PT_Battery,2030,4,19,21,0.0
1952,PT_Battery,2030,4,22,24,0.0
1953,PT_Battery,2030,5,1,3,222.13839670990092
1954,PT_Battery,2030,5,4,6,222.13839670990092
1955,PT_Battery,2030,5,7,9,0.0
1956,PT_Battery,2030,5,10,12,0.0
1957,PT_Battery,2030,5,13,15,222.13839670990092
1958,PT_Battery,2030,5,16,18,222.13839670990092
1959,PT_Battery,2030,5,19,21,196.73171929644013
1960,PT_Battery,2030,5,22,24,0.0
1961,PT_Battery,2030,6,1,3,0.0
1962,PT_Battery,2030,6,4,6,0.0
1963,PT_Battery,2030,6,7,9,0.0
1964,PT_Battery,2030,6,10,12,0.0
1965,PT_Battery,2030,6,13,15,0.0
1966,PT_Battery,2030,6,16,18,0.0
1967,PT_Battery,2030,6,19,21,0.0
1968,PT_Battery,2030,6,22,24,0.0
1969,PT_Battery,2030,7,1,3,222.13839670990092
1970,PT_Battery,2030,7,4,6,14.814488008006066
1971,PT_Battery,2030,7,7,9,14.814488008006066
1972,PT_Battery,2030,7,10,12,14.814488008006066
1973,PT_Battery,2030,7,13,15,14.814488008006066
1974,PT_Battery,2030,7,16,18,14.814488008006066
1975,PT_Battery,2030,7,19,21,0.0
1976,PT_Battery,2030,7,22,24,0.0
1977,PT_Battery,2030,8,1,3,222.13839670990092
1978,PT_Battery,2030,8,4,6,222.13839670990092
1979,PT_Battery,2030,8,7,9,0.0
1980,PT_Battery,2030,8,10,12,0.0
1981,PT_Battery,2030,8,13,15,0.0
1982,PT_Battery,2030,8,16,18,222.13839670990092
1983,PT_Battery,2030,8,19,21,222.13839670990092
1984,PT_Battery,2030,8,22,24,0.0
1985,PT_Battery,2030,9,1,3,31.974394560634664
1986,PT_Battery,2030,9,4,6,31.974394560634664
1987,PT_Battery,2030,9,7,9,0.0
1988,PT_Battery,2030,9,10,12,0.0
1989,PT_Battery,2030,9,13,15,0.0
1990,PT_Battery,2030,9,16,18,222.13839670990092
1991,PT_Battery,2030,9,19,21,1.1363311007837638
1992,PT_Battery,2030,9,22,24,0.0
1993,PT_Battery,2030,10,1,3,222.13839670990092
1994,PT_Battery,2030,10,4,6,222.13839670990092
1995,PT_Battery,2030,10,7,9,222.13839670990092
1996,PT_Battery,2030,10,10,12,222.13839670990092
1997,PT_Battery,2030,10,13,15,222.13839670990092
1998,PT_Battery,2030,10,16,18,222.13839670990092
1999,PT_Battery,2030,10,19,21,196.06418057663177
2000,PT_Battery,2030,10,22,24,0.0
2001,RO_Battery,2030,1,1,3,0.0
2002,RO_Battery,2030,1,4,6,64.43084037331187
2003,RO_Battery,2030,1,7,9,64.43084037331187
2004,RO_Battery,2030,1,10,12,64.43084037331187
2005,RO_Battery,2030,1,13,15,64.43084037331187
2006,RO_Battery,2030,1,16,18,0.0
2007,RO_Battery,2030,1,19,21,0.0
2008,RO_Battery,2030,1,22,24,0.0
2009,RO_Battery,2030,2,1,3,0.0
2010,RO_Battery,2030,2,4,6,0.0
2011,RO_Battery,2030,2,7,9,0.0
2012,RO_Battery,2030,2,10,12,0.0
2013,RO_Battery,2030,2,13,15,0.0
2014,RO_Battery,2030,2,16,18,0.0
2015,RO_Battery,2030,2,19,21,0.0
2016,RO_Battery,2030,2,22,24,0.0
2017,RO_Battery,2030,3,1,3,0.0
2018,RO_Battery,2030,3,4,6,0.9954420642442301
2019,RO_Battery,2030,3,7,9,64.43084037331187
2020,RO_Battery,2030,3,10,12,0.0
2021,RO_Battery,2030,3,13,15,64.43084037331187
2022,RO_Battery,2030,3,16,18,0.0
2023,RO_Battery,2030,3,19,21,0.0
2024,RO_Battery,2030,3,22,24,0.0
2025,RO_Battery,2030,4,1,3,0.0
2026,RO_Battery,2030,4,4,6,64.43084037331187
2027,RO_Battery,2030,4,7,9,64.43084037331187
2028,RO_Battery,2030,4,10,12,64.43084037331187
2029,RO_Battery,2030,4,13,15,64.43084037331187
2030,RO_Battery,2030,4,16,18,0.0
2031,RO_Battery,2030,4,19,21,0.0
2032,RO_Battery,2030,4,22,24,0.0
2033,RO_Battery,2030,5,1,3,64.43084037331187
2034,RO_Battery,2030,5,4,6,64.43084037331187
2035,RO_Battery,2030,5,7,9,0.0
2036,RO_Battery,2030,5,10,12,64.43084037331187
2037,RO_Battery,2030,5,13,15,64.43084037331187
2038,RO_Battery,2030,5,16,18,64.43084037331187
2039,RO_Battery,2030,5,19,21,0.0
2040,RO_Battery,2030,5,22,24,0.0
2041,RO_Battery,2030,6,1,3,0.0
2042,RO_Battery,2030,6,4,6,0.0
2043,RO_Battery,2030,6,7,9,0.0
2044,RO_Battery,2030,6,10,12,0.0
2045,RO_Battery,2030,6,13,15,64.43084037331187
2046,RO_Battery,2030,6,16,18,64.43084037331187
2047,RO_Battery,2030,6,19,21,0.0
2048,RO_Battery,2030,6,22,24,0.0
2049,RO_Battery,2030,7,1,3,64.43084037331187
2050,RO_Battery,2030,7,4,6,64.43084037331187
2051,RO_Battery,2030,7,7,9,0.0
2052,RO_Battery,2030,7,10,12,64.43084037331187
2053,RO_Battery,2030,7,13,15,64.43084037331187
2054,RO_Battery,2030,7,16,18,0.0
2055,RO_Battery,2030,7,19,21,0.0
2056,RO_Battery,2030,7,22,24,0.0
2057,RO_Battery,2030,8,1,3,0.0
2058,RO_Battery,2030,8,4,6,0.0
2059,RO_Battery,2030,8,7,9,0.0
2060,RO_Battery,2030,8,10,12,64.43084037331187
2061,RO_Battery,2030,8,13,15,64.43084037331187
2062,RO_Battery,2030,8,16,18,64.43084037331187
2063,RO_Battery,2030,8,19,21,0.0
2064,RO_Battery,2030,8,22,24,0.0
2065,RO_Battery,2030,9,1,3,0.0
2066,RO_Battery,2030,9,4,6,0.0
2067,RO_Battery,2030,9,7,9,0.0
2068,RO_Battery,2030,9,10,12,64.43084037331187
2069,RO_Battery,2030,9,13,15,64.43084037331187
2070,RO_Battery,2030,9,16,18,0.0
2071,RO_Battery,2030,9,19,21,0.0
2072,RO_Battery,2030,9,22,24,0.0
2073,RO_Battery,2030,10,1,3,50.05347833001937
2074,RO_Battery,2030,10,4,6,0.0
2075,RO_Battery,2030,10,7,9,40.01352118943021
2076,RO_Battery,2030,10,10,12,31.802419349689103
2077,RO_Battery,2030,10,13,15,64.43084037331187
2078,RO_Battery,2030,10,16,18,0.0
2079,RO_Battery,2030,10,19,21,0.0
2080,RO_Battery,2030,10,22,24,0.0
2081,SE_Battery,2030,1,1,3,5.161370982328663
2082,SE_Battery,2030,1,4,6,5.161370982328663
2083,SE_Battery,2030,1,7,9,0.0
2084,SE_Battery,2030,1,10,12,0.0
2085,SE_Battery,2030,1,13,15,5.161370982328663
2086,SE_Battery,2030,1,16,18,5.161370982328663
2087,SE_Battery,2030,1,19,21,0.0
2088,SE_Battery,2030,1,22,24,0.0
2089,SE_Battery,2030,2,1,3,5.161370982328663
2090,SE_Battery,2030,2,4,6,5.161370982328663
2091,SE_Battery,2030,2,7,9,5.161370982328663
2092,SE_Battery,2030,2,10,12,0.0
2093,SE_Battery,2030,2,13,15,5.161370982328663
2094,SE_Battery,2030,2,16,18,0.0
2095,SE_Battery,2030,2,19,21,0.0
2096,SE_Battery,2030,2,22,24,0.0
2097,SE_Battery,2030,3,1,3,0.0
2098,SE_Battery,2030,3,4,6,0.0
2099,SE_Battery,2030,3,7,9,0.0
2100,SE_Battery,2030,3,10,12,0.0
2101,SE_Battery,2030,3,13,15,0.0
2102,SE_Battery,2030,3,16,18,0.0
2103,SE_Battery,2030,3,19,21,0.0
2104,SE_Battery,2030,3,22,24,0.0
2105,SE_Battery,2030,4,1,3,5.161370982328663
2106,SE_Battery,2030,4,4,6,0.0
2107,SE_Battery,2030,4,7,9,0.0
2108,SE_Battery,2030,4,10,12,0.0
2109,SE_Battery,2030,4,13,15,5.161370982328663
2110,SE_Battery,2030,4,16,18,0.0
2111,SE_Battery,2030,4,19,21,0.0
2112,SE_Battery,2030,4,22,24,0.0
2113,SE_Battery,2030,5,1,3,0.0
2114,SE_Battery,2030,5,4,6,0.0
2115,SE_Battery,2030,5,7,9,0.0
2116,SE_Battery,2030,5,10,12,0.0
2117,SE_Battery,2030,5,13,15,0.0
2118,SE_Battery,2030,5,16,18,0.0
2119,SE_Battery,2030,5,19,21,0.0
2120,SE_Battery,2030,5,22,24,0.0
2121,SE_Battery,2030,6,1,3,5.161370982328663
2122,SE_Battery,2030,6,4,6,5.161370982328663
2123,SE_Battery,2030,6,7,9,0.0
2124,SE_Battery,2030,6,10,12,0.0
2125,SE_Battery,2030,6,13,15,0.0
2126,SE_Battery,2030,6,16,18,5.161370982328663
2127,SE_Battery,2030,6,19,21,0.0
2128,SE_Battery,2030,6,22,24,0.0
2129,SE_Battery,2030,7,1,3,0.0
2130,SE_Battery,2030,7,4,6,0.0
2131,SE_Battery,2030,7,7,9,0.0
2132,SE_Battery,2030,7,10,12,0.0
2133,SE_Battery,2030,7,13,15,0.0
2134,SE_Battery,2030,7,16,18,0.0
2135,SE_Battery,2030,7,19,21,0.0
2136,SE_Battery,2030,7,22,24,0.0
2137,SE_Battery,2030,8,1,3,5.161370982328663
2138,SE_Battery,2030,8,4,6,5.161370982328663
2139,SE_Battery,2030,8,7,9,0.0
2140,SE_Battery,2030,8,10,12,0.0
2141,SE_Battery,2030,8,13,15,0.0
2142,SE_Battery,2030,8,16,18,0.0
2143,SE_Battery,2030,8,19,21,0.0
2144,SE_Battery,2030,8,22,24,0.0
2145,SE_Battery,2030,9,1,3,5.161370982328663
2146,SE_Battery,2030,9,4,6,5.161370982328663
2147,SE_Battery,2030,9,7,9,0.0
2148,SE_Battery,2030,9,10,12,0.0
2149,SE_Battery,2030,9,13,15,5.161370982328663
2150,SE_Battery,2030,9,16,18,0.0
2151,SE_Battery,2030,9,19,21,0.0
2152,SE_Battery,2030,9,22,24,0.0
2153,SE_Battery,2030,10,1,3,0.0
2154,SE_Battery,2030,10,4,6,5.161370982328663
2155,SE_Battery,2030,10,7,9,5.161370982328663
2156,SE_Battery,2030,10,10,12,5.161370982328663
2157,SE_Battery,2030,10,13,15,5.161370982328663
2158,SE_Battery,2030,10,16,18,0.0
2159,SE_Battery,2030,10,19,21,0.0
2160,SE_Battery,2030,10,22,24,0.0
2161,SI_Battery,2030,1,1,3,91.71784215250105
2162,SI_Battery,2030,1,4,6,91.71784215250105
2163,SI_Battery,2030,1,7,9,0.0
2164,SI_Battery,2030,1,10,12,0.0
2165,SI_Battery,2030,1,13,15,0.0
2166,SI_Battery,2030,1,16,18,91.71784215250105
2167,SI_Battery,2030,1,19,21,0.0
2168,SI_Battery,2030,1,22,24,0.0
2169,SI_Battery,2030,2,1,3,0.0
2170,SI_Battery,2030,2,4,6,91.71784215250105
2171,SI_Battery,2030,2,7,9,0.0
2172,SI_Battery,2030,2,10,12,0.0
2173,SI_Battery,2030,2,13,15,91.71784215250105
2174,SI_Battery,2030,2,16,18,91.71784215250105
2175,SI_Battery,2030,2,19,21,0.0
2176,SI_Battery,2030,2,22,24,0.0
2177,SI_Battery,2030,3,1,3,17.423198419448113
2178,SI_Battery,2030,3,4,6,109.14104057194916
2179,SI_Battery,2030,3,7,9,109.14104057194916
2180,SI_Battery,2030,3,10,12,109.14104057194916
2181,SI_Battery,2030,3,13,15,136.62479287251875
2182,SI_Battery,2030,3,16,18,60.445234916586344
2183,SI_Battery,2030,3,19,21,0.0
2184,SI_Battery,2030,3,22,24,0.0
2185,SI_Battery,2030,4,1,3,44.9069507200177
2186,SI_Battery,2030,4,4,6,136.62479287251875
2187,SI_Battery,2030,4,7,9,136.62479287251875
2188,SI_Battery,2030,4,10,12,136.62479287251875
2189,SI_Battery,2030,4,13,15,136.62479287251875
2190,SI_Battery,2030,4,16,18,136.62479287251875
2191,SI_Battery,2030,4,19,21,91.71784215250105
2192,SI_Battery,2030,4,22,24,0.0
2193,SI_Battery,2030,5,1,3,91.71784215250105
2194,SI_Battery,2030,5,4,6,136.62479287251875
2195,SI_Battery,2030,5,7,9,44.9069507200177
2196,SI_Battery,2030,5,10,12,44.9069507200177
2197,SI_Battery,2030,5,13,15,136.62479287251875
2198,SI_Battery,2030,5,16,18,128.90381820625137
2199,SI_Battery,2030,5,19,21,37.18597605375032
2200,SI_Battery,2030,5,22,24,0.0
2201,SI_Battery,2030,6,1,3,91.71784215250105
2202,SI_Battery,2030,6,4,6,108.92459932500131
2203,SI_Battery,2030,6,7,9,17.206757172500257
2204,SI_Battery,2030,6,10,12,0.0
2205,SI_Battery,2030,6,13,15,0.0
2206,SI_Battery,2030,6,16,18,91.71784215250105
2207,SI_Battery,2030,6,19,21,0.0
2208,SI_Battery,2030,6,22,24,0.0
2209,SI_Battery,2030,7,1,3,91.71784215250105
2210,SI_Battery,2030,7,4,6,91.71784215250105
2211,SI_Battery,2030,7,7,9,91.71784215250105
2212,SI_Battery,2030,7,10,12,91.71784215250105
2213,SI_Battery,2030,7,13,15,91.71784215250105
2214,SI_Battery,2030,7,16,18,91.71784215250105
2215,SI_Battery,2030,7,19,21,91.71784215250105
2216,SI_Battery,2030,7,22,24,0.0
2217,SI_Battery,2030,8,1,3,0.0
2218,SI_Battery,2030,8,4,6,0.0
2219,SI_Battery,2030,8,7,9,0.0
2220,SI_Battery,2030,8,10,12,0.0
2221,SI_Battery,2030,8,13,15,0.0
2222,SI_Battery,2030,8,16,18,0.0
2223,SI_Battery,2030,8,19,21,0.0
2224,SI_Battery,2030,8,22,24,0.0
2225,SI_Battery,2030,9,1,3,91.71784215250105
2226,SI_Battery,2030,9,4,6,0.0
2227,SI_Battery,2030,9,7,9,0.0
2228,SI_Battery,2030,9,10,12,0.0
2229,SI_Battery,2030,9,13,15,0.0
2230,SI_Battery,2030,9,16,18,0.0
2231,SI_Battery,2030,9,19,21,0.0
2232,SI_Battery,2030,9,22,24,0.0
2233,SI_Battery,2030,10,1,3,0.0
2234,SI_Battery,2030,10,4,6,0.0
2235,SI_Battery,2030,10,7,9,0.0
2236,SI_Battery,2030,10,10,12,0.0
2237,SI_Battery,2030,10,13,15,0.0
2238,SI_Battery,2030,10,16,18,0.0
2239,SI_Battery,2030,10,19,21,0.0
2240,SI_Battery,2030,10,22,24,0.0
2241,SK_Battery,2030,1,1,3,218.22219873305673
2242,SK_Battery,2030,1,4,6,218.22219873305673
2243,SK_Battery,2030,1,7,9,51.61568164792402
2244,SK_Battery,2030,1,10,12,204.8309906059275
2245,SK_Battery,2030,1,13,15,74.70765802317237
2246,SK_Battery,2030,1,16,18,262.5353816414362
2247,SK_Battery,2030,1,19,21,249.1684111529434
2248,SK_Battery,2030,1,22,24,0.0
2249,SK_Battery,2030,2,1,3,0.0
2250,SK_Battery,2030,2,4,6,0.0
2251,SK_Battery,2030,2,7,9,0.0
2252,SK_Battery,2030,2,10,12,0.0
2253,SK_Battery,2030,2,13,15,0.0
2254,SK_Battery,2030,2,16,18,0.0
2255,SK_Battery,2030,2,19,21,0.0
2256,SK_Battery,2030,2,22,24,0.0
2257,SK_Battery,2030,3,1,3,249.1684111529434
2258,SK_Battery,2030,3,4,6,244.1785439080005
2259,SK_Battery,2030,3,7,9,244.1785439080005
2260,SK_Battery,2030,3,10,12,244.1785439080005
2261,SK_Battery,2030,3,13,15,150.06960881268998
2262,SK_Battery,2030,3,16,18,0.0
2263,SK_Battery,2030,3,19,21,0.0
2264,SK_Battery,2030,3,22,24,0.0
2265,SK_Battery,2030,4,1,3,249.1684111529434
2266,SK_Battery,2030,4,4,6,249.1684111529434
2267,SK_Battery,2030,4,7,9,249.1684111529434
2268,SK_Battery,2030,4,10,12,249.1684111529434
2269,SK_Battery,2030,4,13,15,238.09715830102985
2270,SK_Battery,2030,4,16,18,69.72968432033375
2271,SK_Battery,2030,4,19,21,0.0
2272,SK_Battery,2030,4,22,24,0.0
2273,SK_Battery,2030,5,1,3,0.0
2274,SK_Battery,2030,5,4,6,0.0
2275,SK_Battery,2030,5,7,9,0.0
2276,SK_Battery,2030,5,10,12,0.0
2277,SK_Battery,2030,5,13,15,0.0
2278,SK_Battery,2030,5,16,18,0.0
2279,SK_Battery,2030,5,19,21,0.0
2280,SK_Battery,2030,5,22,24,0.0
2281,SK_Battery,2030,6,1,3,0.0
2282,SK_Battery,2030,6,4,6,0.0
2283,SK_Battery,2030,6,7,9,0.0
2284,SK_Battery,2030,6,10,12,0.0
2285,SK_Battery,2030,6,13,15,0.0
2286,SK_Battery,2030,6,16,18,0.0
2287,SK_Battery,2030,6,19,21,0.0
2288,SK_Battery,2030,6,22,24,0.0
2289,SK_Battery,2030,7,1,3,191.89670316778393
2290,SK_Battery,2030,7,4,6,124.42607189524254
2291,SK_Battery,2030,7,7,9,262.5353816414362
2292,SK_Battery,2030,7,10,12,28.24598146313491
2293,SK_Battery,2030,7,13,15,175.83030216324312
2294,SK_Battery,2030,7,16,18,0.0
2295,SK_Battery,2030,7,19,21,0.0
2296,SK_Battery,2030,7,22,24,0.0
2297,SK_Battery,2030,8,1,3,167.9977577592258
2298,SK_Battery,2030,8,4,6,126.09529126212891
2299,SK_Battery,2030,8,7,9,126.09529126212891
2300,SK_Battery,2030,8,10,12,0.0
2301,SK_Battery,2030,8,13,15,30.23403724335533
2302,SK_Battery,2030,8,16,18,92.78345633006502
2303,SK_Battery,2030,8,19,21,0.0
2304,SK_Battery,2030,8,22,24,0.0
2305,SK_Battery,2030,9,1,3,249.1684111529434
2306,SK_Battery,2030,9,4,6,249.1684111529434
2307,SK_Battery,2030,9,7,9,0.0
2308,SK_Battery,2030,9,10,12,0.0
2309,SK_Battery,2030,9,13,15,0.0
2310,SK_Battery,2030,9,16,18,0.0
2311,SK_Battery,2030,9,19,21,0.0
2312,SK_Battery,2030,9,22,24,0.0
2313,SK_Battery,2030,10,1,3,138.7581186239995
2314,SK_Battery,2030,10,4,6,36.966861058043264
2315,SK_Battery,2030,10,7,9,262.5353816414362
2316,SK_Battery,2030,10,10,12,114.48782102260935
2317,SK_Battery,2030,10,13,15,0.0
2318,SK_Battery,2030,10,16,18,122.43768254687063
2319,SK_Battery,2030,10,19,21,0.0
2320,SK_Battery,2030,10,22,24,0.0
2321,UK_Battery,2030,1,1,3,933.1373043054155
2322,UK_Battery,2030,1,4,6,933.1373043054155
2323,UK_Battery,2030,1,7,9,933.1373043054155
2324,UK_Battery,2030,1,10,12,0.0
2325,UK_Battery,2030,1,13,15,0.0
2326,UK_Battery,2030,1,16,18,0.0
2327,UK_Battery,2030,1,19,21,0.0
2328,UK_Battery,2030,1,22,24,0.0
2329,UK_Battery,2030,2,1,3,933.1373043054155
2330,UK_Battery,2030,2,4,6,933.1373043054155
2331,UK_Battery,2030,2,7,9,933.1373043054155
2332,UK_Battery,2030,2,10,12,26.294546158816956
2333,UK_Battery,2030,2,13,15,159.5479095148694
2334,UK_Battery,2030,2,16,18,0.0
2335,UK_Battery,2030,2,19,21,0.0
2336,UK_Battery,2030,2,22,24,0.0
2337,UK_Battery,2030,3,1,3,0.0
2338,UK_Battery,2030,3,4,6,0.0
2339,UK_Battery,2030,3,7,9,0.0
2340,UK_Battery,2030,3,10,12,0.0
2341,UK_Battery,2030,3,13,15,0.0
2342,UK_Battery,2030,3,16,18,0.0
2343,UK_Battery,2030,3,19,21,0.0
2344,UK_Battery,2030,3,22,24,0.0
2345,UK_Battery,2030,4,1,3,0.0
2346,UK_Battery,2030,4,4,6,0.0
2347,UK_Battery,2030,4,7,9,0.0
2348,UK_Battery,2030,4,10,12,0.0
2349,UK_Battery,2030,4,13,15,0.0
2350,UK_Battery,2030,4,16,18,0.0
2351,UK_Battery,2030,4,19,21,0.0
2352,UK_Battery,2030,4,22,24,0.0
2353,UK_Battery,2030,5,1,3,0.0
2354,UK_Battery,2030,5,4,6,0.0
2355,UK_Battery,2030,5,7,9,0.0
2356,UK_Battery,2030,5,10,12,0.0
2357,UK_Battery,2030,5,13,15,0.0
2358,UK_Battery,2030,5,16,18,0.0
2359,UK_Battery,2030,5,19,21,0.0
2360,UK_Battery,2030,5,22,24,0.0
2361,UK_Battery,2030,6,1,3,933.1373043054155
2362,UK_Battery,2030,6,4,6,933.1373043054155
2363,UK_Battery,2030,6,7,9,933.1373043054155
2364,UK_Battery,2030,6,10,12,0.0
2365,UK_Battery,2030,6,13,15,0.0
2366,UK_Battery,2030,6,16,18,0.0
2367,UK_Battery,2030,6,19,21,0.0
2368,UK_Battery,2030,6,22,24,0.0
2369,UK_Battery,2030,7,1,3,933.1373043054155
2370,UK_Battery,2030,7,4,6,933.1373043054155
2371,UK_Battery,2030,7,7,9,933.1373043054155
2372,UK_Battery,2030,7,10,12,933.1373043054155
2373,UK_Battery,2030,7,13,15,933.1373043054155
2374,UK_Battery,2030,7,16,18,933.1373043054155
2375,UK_Battery,2030,7,19,21,0.0
2376,UK_Battery,2030,7,22,24,0.0
2377,UK_Battery,2030,8,1,3,0.0
2378,UK_Battery,2030,8,4,6,0.0
2379,UK_Battery,2030,8,7,9,0.0
2380,UK_Battery,2030,8,10,12,0.0
2381,UK_Battery,2030,8,13,15,0.0
2382,UK_Battery,2030,8,16,18,0.0
2383,UK_Battery,2030,8,19,21,0.0
2384,UK_Battery,2030,8,22,24,0.0
2385,UK_Battery,2030,9,1,3,933.1373043054155
2386,UK_Battery,2030,9,4,6,933.1373043054155
2387,UK_Battery,2030,9,7,9,933.1373043054155
2388,UK_Battery,2030,9,10,12,322.51615904051505
2389,UK_Battery,2030,9,13,15,0.0
2390,UK_Battery,2030,9,16,18,933.1373043054155
2391,UK_Battery,2030,9,19,21,0.0
2392,UK_Battery,2030,9,22,24,0.0
2393,UK_Battery,2030,10,1,3,933.1373043054155
2394,UK_Battery,2030,10,4,6,933.1373043054155
2395,UK_Battery,2030,10,7,9,933.1373043054155
2396,UK_Battery,2030,10,10,12,335.87987413982773
2397,UK_Battery,2030,10,13,15,933.1373043054155
2398,UK_Battery,2030,10,16,18,797.1016970460114
2399,UK_Battery,2030,10,19,21,0.0
2400,UK_Battery,2030,10,22,24,0.0
